area_sqft,bedrooms,bathrooms,floors,age_years,garage,garden,swimming_pool,location_score,distance_city,school_nearby,furnishing,price_usd
1460.0,4,3,2,1.0,0,1,0,8.6,37.6,1,0,287200.0
4372.0,1,1,2,31.0,0,1,0,9.2,6.0,1,1,559400.0
3692.0,3,3,2,49.0,0,0,1,4.9,11.6,0,0,439700.0
1066.0,3,2,1,21.0,1,0,0,5.6,7.8,0,1,245300.0
5026.0,3,3,1,42.0,0,0,0,3.9,6.9,0,1,474300.0
4044.0,2,2,1,12.0,1,0,0,4.0,0.7,0,0,408200.0
3771.0,5,4,1,7.0,0,1,0,6.0,1.6,1,2,555200.0
3519.0,3,3,2,0.0,0,1,0,2.2,21.5,0,1,296800.0
730.0,3,3,3,16.0,1,0,0,7.2,5.3,1,2,308300.0
2285.0,3,2,3,11.0,1,0,0,5.8,9.5,0,0,377800.0
1369.0,3,2,2,3.0,1,0,1,6.9,7.5,1,0,311300.0
2991.0,4,4,1,12.0,0,0,0,5.1,4.8,0,0,467700.0
3033.0,3,3,1,30.0,1,0,0,6.8,4.9,1,0,404000.0
1784.0,5,4,2,40.0,1,0,0,6.0,8.1,1,0,312200.0
5155.0,3,3,2,6.0,1,1,0,6.5,1.5,1,0,584100.0
3985.0,6,4,2,22.0,0,0,0,7.3,4.9,1,2,586300.0
4717.0,5,4,2,23.0,1,0,0,3.0,5.9,0,2,508200.0
5443.0,2,1,2,4.0,0,1,0,4.1,42.1,0,2,389600.0
3504.0,5,4,2,4.0,1,0,0,10.0,4.3,1,2,613500.0
1074.0,2,2,1,16.0,0,0,1,5.9,10.3,0,1,240800.0
1682.0,4,4,2,29.0,0,0,0,2.1,1.5,0,1,284200.0
3158.0,3,3,3,8.0,1,0,0,2.1,0.7,0,0,401600.0
2647.0,5,4,1,5.0,1,1,0,5.4,20.5,0,0,388700.0
3347.0,5,4,2,24.0,0,1,0,4.5,13.1,0,2,478800.0
1575.0,4,4,1,18.0,1,1,0,3.9,3.8,0,2,305000.0
2406.0,4,3,3,15.0,1,1,0,9.1,7.0,1,2,513900.0
789.0,3,3,1,20.0,0,0,0,4.8,1.5,0,2,195300.0
3334.0,2,2,2,1.0,0,1,0,7.1,12.3,1,0,528100.0
3605.0,3,3,1,9.0,0,1,0,6.0,0.7,1,1,497400.0
5258.0,2,1,2,15.0,1,0,0,4.9,14.1,0,1,454100.0
2499.0,4,4,1,36.0,1,0,0,3.2,7.9,0,2,331400.0
1867.0,3,2,1,14.0,1,0,0,7.0,3.3,1,2,356700.0
2128.0,6,4,1,12.0,0,0,0,1.0,19.8,0,1,244800.0
3802.0,4,3,3,12.0,0,0,0,7.2,42.7,1,0,306600.0
4156.0,4,4,1,31.0,0,1,0,5.8,2.9,0,0,471600.0
4490.0,2,1,1,44.0,1,1,0,6.7,16.4,1,1,400800.0
1246.0,5,4,2,46.0,0,0,0,5.5,13.9,0,2,206600.0
3488.0,5,4,2,45.0,1,0,0,3.0,13.8,0,0,393200.0
3035.0,3,3,3,7.0,1,1,0,6.3,31.5,1,0,368300.0
1200.0,4,4,1,42.0,0,1,0,7.2,6.7,1,1,276600.0
2963.0,4,4,2,17.0,1,0,1,4.5,11.2,0,2,395800.0
2661.0,2,1,1,35.0,0,1,0,6.8,17.4,1,1,379700.0
841.0,3,3,1,25.0,0,1,0,6.1,6.5,1,1,236000.0
2641.0,3,2,2,9.0,0,1,0,6.4,6.6,1,1,322600.0
3424.0,2,2,2,30.0,0,0,0,3.8,3.8,0,0,397300.0
3212.0,3,3,2,32.0,0,0,0,8.1,15.2,1,0,409600.0
1963.0,2,2,1,28.0,1,1,0,6.1,11.6,1,2,354900.0
2078.0,1,1,1,4.0,1,0,1,7.2,6.0,1,2,382300.0
3156.0,2,1,1,12.0,1,1,1,4.7,5.4,0,1,387700.0
1375.0,6,4,3,0.0,1,0,1,7.5,0.8,1,1,409500.0
4614.0,3,3,1,22.0,0,0,0,4.7,0.5,0,2,491900.0
634.0,6,4,1,39.0,0,0,1,3.7,7.5,0,1,232300.0
3752.0,3,2,1,2.0,1,0,0,9.0,5.4,1,0,478300.0
2555.0,3,3,2,2.0,1,1,0,1.0,15.9,0,1,335600.0
2185.0,3,2,1,6.0,1,0,0,10.0,7.8,1,1,436000.0
4543.0,3,2,3,35.0,0,1,0,6.9,27.6,1,1,505900.0
3673.0,2,1,1,34.0,0,1,0,4.9,2.2,0,2,412900.0
1621.0,4,3,3,14.0,0,0,0,6.2,46.2,1,2,232000.0
4061.0,2,2,1,39.0,1,1,0,6.9,3.5,1,0,417200.0
3213.0,4,4,2,2.0,1,0,1,4.8,10.3,0,1,493800.0
4443.0,4,3,3,28.0,0,1,0,9.6,7.0,1,1,751400.0
2100.0,2,2,1,29.0,0,0,0,8.5,4.5,1,1,379700.0
5398.0,2,1,3,38.0,1,0,0,10.0,1.5,1,1,699700.0
761.0,4,3,1,17.0,0,0,1,3.1,1.4,0,1,182400.0
4897.0,3,2,3,10.0,1,1,0,5.9,12.4,0,2,648800.0
2581.0,2,1,2,42.0,0,1,0,2.7,4.7,0,1,300100.0
1595.0,6,4,1,48.0,0,0,1,3.3,32.5,0,2,256900.0
3942.0,2,2,1,37.0,0,0,0,4.8,3.9,0,0,367700.0
5151.0,4,4,1,39.0,1,0,0,4.9,41.1,0,1,454400.0
4398.0,6,4,1,0.0,1,1,0,6.2,2.3,1,1,495200.0
1875.0,2,2,1,28.0,0,0,0,5.3,1.1,0,2,229100.0
1616.0,2,2,1,9.0,0,1,0,7.1,3.7,1,1,292800.0
937.0,2,1,1,27.0,0,0,0,6.1,21.7,1,0,163600.0
1478.0,3,2,2,30.0,0,0,1,8.8,7.4,1,1,338300.0
1676.0,2,2,1,18.0,1,1,1,7.2,1.5,1,1,344500.0
5487.0,4,4,1,2.0,0,1,0,3.1,2.3,0,2,623800.0
4593.0,2,1,2,35.0,0,1,0,5.2,3.7,0,1,298000.0
5459.0,3,3,1,42.0,1,0,1,5.3,8.9,0,2,573400.0
979.0,6,4,1,14.0,0,1,0,6.4,4.0,1,2,320800.0
1092.0,4,4,1,32.0,1,0,0,7.7,13.7,1,0,265600.0
2662.0,4,4,3,40.0,1,1,0,6.1,9.6,1,1,480600.0
4484.0,3,3,2,42.0,1,0,0,6.7,20.7,1,1,463100.0
664.0,4,3,1,50.0,0,0,0,3.2,7.0,0,2,133000.0
3168.0,3,3,2,44.0,0,0,0,4.6,4.0,0,0,327100.0
2627.0,3,3,2,25.0,0,0,0,1.7,50.0,0,0,159800.0
3295.0,2,2,2,15.0,1,0,1,6.4,4.4,1,0,494700.0
2095.0,5,4,2,35.0,1,1,0,7.2,5.6,1,1,441200.0
991.0,3,2,2,32.0,1,1,0,2.9,16.6,0,0,198100.0
5114.0,2,1,1,19.0,1,1,1,5.8,0.9,0,1,647000.0
5074.0,3,2,1,12.0,0,0,0,5.3,4.9,0,2,471800.0
4161.0,3,3,1,32.0,0,0,0,8.9,0.9,1,1,631100.0
2878.0,4,3,3,4.0,1,1,0,3.7,1.5,0,1,443400.0
3699.0,4,3,2,36.0,0,0,0,7.3,0.5,1,2,507000.0
800.0,4,3,2,13.0,0,0,0,7.8,0.5,1,1,332500.0
5475.0,1,1,3,26.0,1,1,0,5.1,4.8,0,0,734500.0
3704.0,3,3,1,22.0,0,0,0,6.1,16.6,1,1,421200.0
5198.0,3,3,2,13.0,0,0,1,7.7,8.8,1,1,590500.0
3054.0,1,1,2,39.0,0,1,0,3.3,10.1,0,0,344600.0
4245.0,3,3,3,3.0,1,0,0,4.6,7.3,0,1,676200.0
1404.0,4,4,3,38.0,0,1,0,5.9,17.1,0,2,282200.0
3331.0,2,1,2,18.0,0,0,0,9.6,21.2,1,1,435500.0
3373.0,3,2,1,46.0,1,1,0,4.7,19.0,0,1,366600.0
2170.0,2,1,2,3.0,1,0,0,5.0,16.7,0,1,304000.0
3290.0,1,1,1,29.0,1,1,0,8.6,2.0,1,2,386200.0
4440.0,2,1,2,18.0,0,0,0,6.8,9.0,1,2,527400.0
1628.0,6,4,3,30.0,1,1,0,9.9,8.7,1,1,441700.0
1102.0,4,4,1,30.0,0,0,0,7.7,7.5,1,1,295500.0
5093.0,6,4,2,8.0,1,0,1,5.2,6.6,0,1,668300.0
1470.0,3,3,1,12.0,1,1,0,4.9,0.9,0,1,298400.0
5088.0,2,2,1,13.0,1,0,0,3.9,1.1,0,0,395700.0
806.0,3,2,1,45.0,1,0,0,2.9,23.3,0,1,92700.0
2084.0,3,3,2,9.0,1,0,0,6.2,9.9,1,1,391900.0
1463.0,4,3,3,47.0,0,0,0,6.8,3.0,1,0,339600.0
3390.0,2,2,3,30.0,1,0,0,7.0,3.3,1,0,434700.0
1163.0,3,3,1,36.0,1,0,0,5.3,9.4,0,0,195800.0
4791.0,2,2,3,22.0,1,0,0,9.4,5.2,1,1,674300.0
2357.0,3,3,2,26.0,0,1,0,2.8,5.8,0,1,309500.0
2278.0,4,4,1,5.0,0,0,0,2.6,0.6,0,0,308900.0
3842.0,3,3,1,25.0,0,0,0,3.9,1.5,0,2,480900.0
5236.0,3,3,1,1.0,0,1,0,5.5,5.0,0,1,507000.0
1659.0,3,3,3,44.0,1,1,0,3.3,12.0,0,0,275600.0
2322.0,3,3,2,12.0,1,0,1,8.2,0.5,1,0,381600.0
3914.0,4,3,2,50.0,1,0,0,4.0,4.1,0,1,399900.0
3757.0,5,4,1,49.0,1,1,0,3.7,11.9,0,0,368600.0
3225.0,6,4,2,18.0,0,0,1,7.6,15.7,1,0,469800.0
3329.0,4,3,1,0.0,1,0,0,5.9,2.1,0,1,483400.0
2197.0,3,2,1,39.0,1,0,0,7.1,13.1,1,1,353200.0
3660.0,4,3,2,31.0,1,1,0,5.4,31.1,0,2,408400.0
3293.0,3,3,1,21.0,0,0,0,6.0,23.7,1,2,326300.0
5491.0,3,2,2,47.0,0,1,0,2.6,15.6,0,2,379600.0
4227.0,4,3,1,28.0,1,1,1,5.2,12.5,0,0,574000.0
1963.0,1,1,2,1.0,1,0,0,3.4,2.7,0,0,288700.0
2581.0,5,4,1,39.0,0,1,0,9.4,10.0,1,2,505000.0
2263.0,3,3,2,37.0,0,0,0,8.1,10.3,1,1,359700.0
2129.0,4,3,1,47.0,1,0,0,4.2,5.2,0,1,317900.0
2638.0,4,3,1,10.0,1,0,0,5.1,6.8,0,0,342400.0
3902.0,5,4,3,16.0,0,0,0,5.2,11.8,0,0,509200.0
2837.0,4,4,1,50.0,0,0,0,9.8,30.4,1,0,363200.0
1906.0,4,4,2,42.0,1,0,0,6.3,3.5,1,1,318100.0
4629.0,2,2,3,7.0,0,0,0,4.6,2.8,0,0,524700.0
3275.0,3,2,1,21.0,0,0,0,5.8,9.2,0,1,399000.0
1882.0,2,2,1,3.0,0,0,0,2.4,1.4,0,1,270500.0
1309.0,4,4,2,10.0,0,1,0,5.4,8.7,0,0,238700.0
5344.0,3,3,3,7.0,0,0,1,3.3,0.9,0,0,676800.0
5013.0,4,3,3,8.0,1,1,0,1.8,6.7,0,1,547700.0
4348.0,1,1,2,25.0,0,0,0,9.5,9.7,1,0,589600.0
5379.0,2,1,2,1.0,1,0,0,5.4,0.7,0,0,662600.0
1263.0,4,4,1,15.0,0,0,0,4.0,2.3,0,0,173700.0
2598.0,2,2,3,30.0,1,0,0,2.1,4.1,0,1,340400.0
4045.0,2,2,3,5.0,0,0,0,5.1,4.6,0,1,538300.0
4343.0,1,1,1,20.0,1,0,0,5.2,11.3,0,0,375100.0
2095.0,6,4,1,25.0,1,1,1,7.0,7.5,1,1,357400.0
3904.0,4,3,1,18.0,1,1,1,3.6,4.8,0,2,552700.0
4363.0,3,2,1,27.0,0,0,0,4.4,6.0,0,1,461900.0
2453.0,3,2,2,7.0,0,1,0,3.7,0.5,0,0,308200.0
5259.0,3,3,1,13.0,0,0,1,5.1,14.7,0,1,681700.0
1891.0,4,3,1,23.0,1,0,0,1.5,0.5,0,1,267000.0
4181.0,4,4,1,47.0,1,1,0,3.9,17.7,0,2,337200.0
4057.0,2,2,3,43.0,0,0,0,6.8,7.8,1,2,424100.0
2236.0,2,2,2,36.0,0,0,0,3.0,7.5,0,1,282800.0
4296.0,2,2,1,25.0,0,0,0,7.5,12.2,1,1,494300.0
3599.0,4,3,1,30.0,0,0,1,7.2,19.6,1,2,440800.0
3752.0,4,4,3,50.0,0,0,1,7.4,28.6,1,2,518600.0
1298.0,3,3,2,31.0,1,0,0,5.5,7.8,0,1,240600.0
2760.0,1,1,1,49.0,0,0,0,5.3,1.6,0,0,257700.0
4697.0,2,2,1,40.0,0,0,0,6.1,21.1,1,0,514800.0
5337.0,6,4,1,1.0,0,1,0,8.1,0.5,1,1,798900.0
1454.0,3,3,1,24.0,0,0,0,8.0,16.5,1,1,300300.0
4074.0,4,3,2,43.0,1,1,0,2.2,11.4,0,2,348900.0
2307.0,4,3,3,1.0,1,1,0,3.8,23.5,0,2,401300.0
3377.0,3,3,1,41.0,1,1,0,3.4,22.8,0,0,409900.0
2333.0,2,2,2,0.0,1,1,1,7.0,0.5,1,1,519200.0
4110.0,2,2,1,35.0,0,0,1,4.1,9.4,0,0,457200.0
802.0,4,3,2,11.0,0,0,0,5.1,1.3,0,1,240500.0
3855.0,4,4,2,8.0,1,0,0,8.9,0.8,1,1,620100.0
4818.0,4,4,1,35.0,1,1,0,7.7,5.9,1,0,521500.0
5096.0,3,3,1,40.0,0,0,0,8.3,1.0,1,0,561300.0
1366.0,1,1,2,27.0,0,0,1,4.1,13.0,0,0,194300.0
4989.0,6,4,1,37.0,1,0,0,1.0,34.7,0,0,452500.0
2927.0,4,3,1,32.0,0,1,0,4.7,8.4,0,2,383200.0
3531.0,3,3,2,41.0,1,0,0,2.6,2.7,0,0,340500.0
797.0,6,4,3,45.0,1,0,0,1.6,18.5,0,0,122400.0
2530.0,4,3,1,21.0,1,0,0,7.8,19.2,1,0,395200.0
4182.0,3,2,2,24.0,1,1,0,3.7,13.2,0,2,396000.0
1208.0,4,4,1,17.0,1,0,0,3.9,9.5,0,1,204300.0
3872.0,4,4,2,5.0,0,0,0,4.8,20.2,0,0,552800.0
1747.0,4,4,2,17.0,0,1,0,8.8,1.8,1,1,516100.0
4882.0,2,1,3,15.0,1,0,0,5.2,26.8,0,1,458100.0
3997.0,3,3,1,14.0,1,1,1,7.4,29.4,1,1,404100.0
3111.0,5,4,2,47.0,1,0,0,4.9,20.6,0,1,431800.0
2394.0,2,1,2,7.0,0,0,0,2.3,2.9,0,0,278900.0
1259.0,3,3,1,12.0,0,1,0,3.1,19.5,0,2,207700.0
3411.0,3,3,1,42.0,1,1,0,5.5,6.9,0,1,389900.0
1969.0,3,3,1,6.0,1,0,0,5.7,9.0,0,1,283500.0
2586.0,4,4,1,16.0,0,0,0,6.6,18.4,1,0,354400.0
746.0,5,4,3,49.0,0,1,0,6.6,0.5,1,2,292000.0
3819.0,2,1,1,31.0,1,0,0,7.3,4.5,1,1,426800.0
3511.0,2,1,1,21.0,0,1,0,4.0,16.9,0,0,395000.0
2334.0,2,2,2,50.0,0,1,0,9.2,16.8,1,0,275700.0
2443.0,5,4,1,12.0,1,0,1,9.3,18.9,1,1,496200.0
1088.0,4,4,2,46.0,1,1,0,4.5,1.9,0,2,267500.0
3576.0,3,3,1,22.0,1,0,0,3.9,12.2,0,2,464400.0
2559.0,4,4,3,28.0,0,1,1,1.9,1.6,0,1,334900.0
2985.0,5,4,3,21.0,0,0,0,5.8,15.4,0,1,446800.0
3519.0,4,3,3,0.0,0,1,0,6.4,2.8,1,0,534700.0
5336.0,5,4,1,28.0,0,1,0,4.3,13.4,0,1,578900.0
2402.0,3,3,2,47.0,0,1,1,6.1,6.1,1,2,356600.0
4661.0,4,4,1,4.0,0,1,0,2.7,42.9,0,1,378300.0
3969.0,3,3,1,34.0,0,0,1,7.4,8.7,1,0,501300.0
862.0,4,4,1,9.0,1,0,0,4.4,10.0,0,0,207600.0
1223.0,4,3,2,18.0,1,1,0,6.1,4.6,1,0,348500.0
1616.0,4,3,1,36.0,0,1,0,5.9,13.3,0,1,271800.0
4243.0,4,3,2,6.0,0,1,0,1.6,6.8,0,2,500000.0
2649.0,2,2,1,45.0,1,1,0,7.2,0.5,1,0,319800.0
4323.0,3,3,1,34.0,0,0,0,3.9,9.4,0,1,343800.0
5148.0,6,4,2,44.0,0,0,0,5.9,17.7,0,1,548600.0
3708.0,5,4,1,12.0,1,0,0,2.7,2.7,0,2,384300.0
4690.0,1,1,2,9.0,0,1,0,4.5,2.5,0,1,501100.0
2656.0,2,1,1,1.0,1,0,0,6.2,9.4,1,0,324300.0
3770.0,2,1,2,5.0,0,1,0,3.3,17.0,0,0,386200.0
2282.0,4,4,2,7.0,1,0,0,3.5,2.9,0,1,320500.0
2855.0,4,4,1,35.0,0,0,0,5.8,26.9,0,2,362400.0
1754.0,2,2,1,24.0,1,0,1,5.2,26.2,0,0,227300.0
5099.0,3,3,2,43.0,1,0,0,6.2,2.2,1,1,456900.0
3791.0,4,3,2,46.0,0,1,0,4.8,3.1,0,1,495100.0
2296.0,4,4,1,39.0,1,0,0,6.8,12.1,1,1,330100.0
4591.0,3,3,1,6.0,1,0,0,4.4,30.3,0,0,525200.0
5323.0,3,3,3,45.0,1,0,0,6.7,12.4,1,2,557900.0
5282.0,3,2,2,22.0,0,1,0,3.7,5.9,0,1,487400.0
2248.0,3,3,1,18.0,0,1,1,4.3,1.9,0,1,351700.0
2045.0,3,3,1,45.0,1,0,0,7.0,6.2,1,1,314400.0
4799.0,4,4,1,21.0,0,1,0,4.5,9.3,0,2,545000.0
4523.0,5,4,2,12.0,0,0,0,3.2,4.0,0,1,538700.0
853.0,4,3,1,20.0,0,0,0,9.0,7.1,1,1,307700.0
3783.0,4,4,3,0.0,1,1,0,5.4,1.4,0,1,531800.0
3157.0,2,1,1,18.0,0,0,0,6.4,6.0,1,1,320100.0
698.0,3,2,1,32.0,1,1,0,1.0,1.0,0,0,155400.0
2800.0,1,1,2,3.0,1,0,0,8.2,0.5,1,2,423300.0
3561.0,2,1,3,41.0,1,1,0,10.0,19.5,1,2,461700.0
5033.0,4,3,2,2.0,0,0,0,8.0,2.3,1,1,634500.0
4377.0,6,4,1,26.0,1,0,0,8.3,8.6,1,1,573700.0
3469.0,2,1,2,40.0,0,1,0,4.7,1.6,0,0,303500.0
3834.0,3,3,2,34.0,1,0,0,6.0,3.0,1,2,529200.0
4391.0,4,3,1,27.0,1,0,0,6.5,4.5,1,1,489000.0
1556.0,2,2,1,5.0,1,0,0,4.1,1.6,0,1,251100.0
4667.0,3,2,1,5.0,1,0,0,5.3,0.5,0,2,664300.0
760.0,4,3,1,43.0,1,0,1,3.5,21.0,0,1,195800.0
5093.0,4,4,3,22.0,1,0,0,4.7,0.5,0,2,728200.0
1900.0,2,1,1,32.0,1,1,0,7.2,0.6,1,1,304600.0
4587.0,3,3,3,15.0,1,0,0,2.0,16.4,0,1,501300.0
2127.0,4,3,2,23.0,1,1,0,7.4,3.3,1,1,423200.0
1818.0,3,3,2,4.0,1,0,0,2.3,12.8,0,1,251000.0
5096.0,1,1,2,40.0,0,0,0,5.6,1.6,0,2,477200.0
5335.0,4,3,1,41.0,0,0,0,5.8,2.7,0,1,650600.0
3704.0,1,1,1,12.0,0,0,0,6.6,8.5,1,1,401800.0
3335.0,4,3,1,46.0,1,0,0,5.1,44.8,0,0,307800.0
5155.0,2,2,2,11.0,0,0,0,3.4,0.8,0,0,580100.0
1554.0,6,4,1,4.0,0,0,0,5.9,5.1,0,1,288300.0
5165.0,3,3,2,36.0,1,0,1,9.8,0.5,1,1,616000.0
4046.0,3,3,1,30.0,1,0,0,5.5,2.2,0,2,638200.0
1645.0,2,2,1,27.0,1,0,0,3.7,23.8,0,1,168700.0
2293.0,3,3,1,27.0,1,1,0,4.6,1.0,0,1,409700.0
4036.0,5,4,3,29.0,1,0,1,5.8,19.4,0,2,537100.0
1162.0,6,4,2,17.0,0,0,1,5.0,2.0,0,1,309700.0
3085.0,3,2,1,43.0,1,0,0,4.7,19.8,0,2,319500.0
3954.0,3,2,2,26.0,0,0,0,8.2,7.7,1,1,502100.0
825.0,4,4,1,34.0,1,0,0,6.5,21.1,1,0,250700.0
5493.0,5,4,3,25.0,1,1,0,5.3,1.6,0,1,719700.0
1559.0,3,3,2,38.0,0,1,1,5.3,14.4,0,0,276500.0
5148.0,3,2,1,48.0,0,1,0,5.8,11.4,0,1,406200.0
3667.0,3,2,2,50.0,1,1,0,6.6,7.8,1,0,454800.0
1415.0,4,3,1,17.0,0,0,0,8.1,16.6,1,1,300600.0
5354.0,1,1,3,32.0,0,0,0,4.7,10.4,0,0,588500.0
5242.0,4,3,1,24.0,1,1,0,3.5,21.0,0,0,423000.0
3720.0,3,3,2,30.0,1,0,0,4.4,4.8,0,1,415600.0
616.0,4,3,1,36.0,0,0,0,3.7,8.9,0,0,133800.0
1843.0,2,2,2,1.0,1,1,1,2.4,20.4,0,0,262100.0
2805.0,3,2,2,32.0,1,1,0,8.3,2.4,1,1,454100.0
3124.0,3,2,2,38.0,1,0,0,7.2,6.7,1,0,445600.0
1669.0,4,3,2,42.0,1,0,0,1.0,32.4,0,0,108100.0
4044.0,2,2,3,42.0,0,1,0,5.9,6.4,0,0,469700.0
3165.0,3,2,1,31.0,1,1,0,4.7,2.9,0,2,412600.0
1660.0,3,3,1,17.0,0,1,0,4.5,4.3,0,1,277900.0
2927.0,3,2,1,16.0,1,1,0,1.0,21.6,0,1,268500.0
4020.0,4,4,3,33.0,1,0,0,5.4,31.0,0,2,266500.0
901.0,4,4,1,38.0,1,0,0,5.7,30.0,0,0,186200.0
4876.0,4,4,2,6.0,0,0,0,3.1,12.0,0,1,456700.0
1206.0,3,3,2,41.0,0,0,0,8.7,7.1,1,2,324800.0
3770.0,4,4,1,34.0,1,1,1,7.1,2.0,1,1,651100.0
1299.0,3,3,1,29.0,1,1,0,3.4,1.3,0,2,196300.0
1739.0,2,2,1,11.0,0,0,0,7.5,0.6,1,2,357200.0
790.0,2,1,1,34.0,0,0,0,4.6,0.5,0,0,132500.0
2900.0,3,2,1,10.0,1,0,0,7.6,21.0,1,2,399300.0
1580.0,4,4,1,43.0,0,1,0,2.6,16.6,0,2,206100.0
3575.0,4,4,3,3.0,0,0,0,5.8,8.4,0,1,526800.0
1784.0,4,4,3,24.0,1,0,0,3.1,50.0,0,2,205300.0
3927.0,3,3,1,47.0,1,0,0,3.8,30.6,0,0,364600.0
3994.0,3,2,1,31.0,1,0,1,1.6,10.6,0,1,334000.0
727.0,2,1,1,19.0,0,1,0,3.0,6.2,0,0,90400.0
2665.0,3,3,2,49.0,0,0,0,3.0,1.7,0,0,337000.0
2416.0,3,3,2,30.0,1,0,0,2.8,7.2,0,1,329800.0
1169.0,2,2,1,3.0,1,0,0,5.9,1.7,0,1,232500.0
2495.0,2,1,1,37.0,1,0,1,2.0,5.1,0,1,304400.0
3333.0,3,2,2,46.0,0,1,0,6.1,28.6,1,1,351100.0
4463.0,4,4,2,0.0,1,0,0,7.5,4.2,1,1,690100.0
5321.0,6,4,1,2.0,1,0,0,3.7,1.7,0,0,613500.0
4614.0,5,4,2,36.0,1,1,0,5.3,8.7,0,1,612700.0
3501.0,4,3,1,21.0,1,0,0,4.8,9.2,0,2,399900.0
2286.0,3,3,1,16.0,1,1,0,4.7,2.2,0,1,362200.0
3609.0,4,4,2,13.0,1,0,1,1.0,2.2,0,1,429400.0
754.0,4,4,2,40.0,1,0,0,3.2,45.6,0,1,86000.0
3137.0,2,2,1,34.0,0,1,0,8.4,2.8,1,1,318400.0
2009.0,3,3,3,12.0,1,1,0,6.1,18.2,1,1,382600.0
4657.0,4,4,1,34.0,1,0,0,5.0,6.4,0,2,649000.0
1384.0,3,3,2,42.0,0,0,0,1.5,5.7,0,1,146600.0
3775.0,3,3,1,1.0,1,0,0,6.7,3.5,1,1,554700.0
4941.0,3,2,3,46.0,0,0,0,3.7,14.9,0,1,508700.0
3406.0,2,2,3,12.0,1,0,0,3.0,21.3,0,1,332700.0
1137.0,3,3,1,50.0,1,1,0,3.2,3.0,0,1,184200.0
2441.0,3,3,3,15.0,1,0,1,6.5,1.0,1,1,521500.0
3055.0,1,1,2,17.0,1,0,0,5.4,1.5,0,1,435000.0
1124.0,1,1,2,6.0,0,0,0,7.2,15.7,1,1,241900.0
3550.0,4,4,1,44.0,1,0,0,7.8,5.7,1,1,463100.0
4731.0,3,3,2,35.0,1,1,0,4.0,1.4,0,2,606100.0
5380.0,3,2,3,40.0,1,0,0,5.4,4.2,0,1,525500.0
4715.0,3,3,1,29.0,1,0,0,4.9,7.2,0,2,610100.0
2968.0,5,4,3,41.0,1,1,0,2.8,19.1,0,0,418900.0
4447.0,3,3,1,40.0,1,0,0,3.1,10.3,0,0,501000.0
5095.0,3,3,1,6.0,1,0,0,5.2,1.9,0,1,606600.0
3301.0,5,4,2,14.0,0,0,0,5.4,1.7,0,2,323400.0
1571.0,4,4,2,39.0,1,1,0,5.4,5.3,0,1,302600.0
1766.0,2,1,2,18.0,0,1,1,5.4,0.8,0,0,387900.0
3374.0,4,3,1,42.0,0,0,0,3.9,14.1,0,0,388500.0
2582.0,3,3,3,36.0,1,0,1,9.7,5.1,1,1,524700.0
1453.0,3,3,1,1.0,0,1,1,6.0,4.2,1,0,313100.0
4746.0,2,1,1,41.0,0,0,0,4.3,7.1,0,1,505900.0
4336.0,2,1,1,47.0,1,0,0,6.3,12.3,1,1,372300.0
4369.0,4,4,2,12.0,0,1,1,3.8,8.4,0,1,532200.0
1174.0,3,3,3,39.0,1,0,0,5.6,16.2,0,0,275600.0
3861.0,3,3,2,40.0,1,0,0,6.3,9.9,1,0,423300.0
1748.0,4,3,2,42.0,0,1,0,6.6,15.5,1,1,320100.0
2315.0,4,4,1,42.0,1,0,0,3.0,11.9,0,0,221600.0
5377.0,2,2,2,30.0,1,0,0,10.0,2.1,1,1,617500.0
4454.0,4,3,1,15.0,1,0,0,7.9,0.5,1,2,611200.0
3091.0,2,2,1,41.0,0,0,0,9.6,23.4,1,0,403200.0
3260.0,4,4,1,43.0,0,0,0,5.0,29.1,0,0,416400.0
3724.0,4,4,2,5.0,0,0,0,6.0,13.0,1,0,448500.0
3651.0,6,4,2,27.0,0,1,0,5.6,12.9,0,2,511100.0
604.0,2,2,2,31.0,1,1,1,4.4,3.1,0,0,234900.0
5469.0,2,2,1,43.0,1,0,0,7.0,7.8,1,2,552600.0
1476.0,3,3,1,9.0,0,1,0,3.7,48.6,0,1,158300.0
1591.0,3,3,2,49.0,0,1,1,6.9,19.4,1,1,332500.0
4742.0,2,1,1,17.0,1,1,0,4.5,3.6,0,0,484300.0
4964.0,5,4,3,3.0,1,0,0,6.3,3.6,1,1,661200.0
5065.0,2,2,2,8.0,0,1,1,8.4,6.6,1,1,581800.0
1235.0,3,3,1,6.0,0,0,1,5.2,5.2,0,1,259700.0
2293.0,4,4,3,49.0,0,0,0,7.1,4.6,1,1,383500.0
2282.0,3,3,2,7.0,1,0,0,4.5,9.9,0,1,364200.0
5352.0,4,4,1,42.0,0,1,1,3.1,0.5,0,1,571300.0
719.0,2,1,2,6.0,0,0,0,8.8,14.4,1,1,219600.0
1430.0,3,3,1,40.0,1,0,0,7.0,13.5,1,1,266100.0
4275.0,1,1,2,39.0,0,1,0,5.2,17.7,0,1,457500.0
1969.0,2,2,2,2.0,0,1,0,6.9,18.4,1,0,261500.0
1340.0,5,4,3,16.0,0,1,0,3.5,8.4,0,1,298300.0
716.0,2,2,2,1.0,0,0,0,6.4,15.1,1,1,220700.0
3438.0,3,2,1,14.0,0,0,0,5.9,6.8,0,0,344100.0
1750.0,3,3,2,45.0,0,1,0,6.8,30.3,1,1,247500.0
2531.0,3,2,1,28.0,1,0,0,8.8,2.1,1,0,445800.0
1612.0,5,4,2,49.0,0,1,0,8.4,24.7,1,0,235200.0
2264.0,1,1,2,47.0,0,0,0,2.7,3.0,0,2,207200.0
1681.0,4,4,1,21.0,0,1,1,1.5,1.1,0,1,235300.0
5329.0,6,4,1,3.0,1,0,0,6.0,5.8,1,1,607200.0
1112.0,3,3,3,5.0,0,0,0,5.8,9.5,0,2,300900.0
3449.0,5,4,3,37.0,1,1,0,3.2,2.6,0,0,482600.0
1159.0,2,1,1,25.0,0,0,0,3.6,8.1,0,2,157100.0
4272.0,3,2,1,10.0,0,0,1,4.0,16.5,0,0,519600.0
5183.0,3,2,1,25.0,1,1,0,8.2,3.0,1,1,682000.0
3943.0,4,4,3,16.0,1,0,0,4.6,8.7,0,1,570400.0
4670.0,6,4,1,23.0,1,0,0,2.5,4.1,0,2,517400.0
5399.0,3,2,2,27.0,1,0,0,5.4,7.5,0,1,615100.0
2070.0,4,4,1,34.0,0,0,0,5.5,11.0,0,1,429700.0
1180.0,2,1,2,30.0,1,0,0,3.4,4.3,0,1,182800.0
2894.0,3,3,1,12.0,1,1,1,6.7,50.0,1,0,357700.0
3747.0,3,3,2,34.0,1,1,0,7.8,8.3,1,1,501500.0
4849.0,6,4,1,15.0,1,0,0,4.8,17.4,0,0,534000.0
2279.0,4,4,2,14.0,0,0,0,2.5,12.9,0,1,309300.0
4106.0,3,2,1,42.0,1,1,0,5.0,19.2,0,1,428800.0
3344.0,2,1,2,17.0,0,1,0,6.1,1.9,1,2,365400.0
3956.0,2,1,3,46.0,1,0,0,1.2,2.5,0,1,374800.0
4645.0,2,1,1,36.0,1,1,0,6.5,6.7,1,2,492800.0
1843.0,3,3,3,47.0,1,1,0,4.8,19.1,0,0,208800.0
3718.0,5,4,2,47.0,0,0,0,5.6,2.2,0,0,526800.0
2741.0,3,3,1,48.0,0,0,0,4.9,35.4,0,1,240200.0
3659.0,3,3,1,40.0,0,0,0,4.0,1.4,0,1,423900.0
5148.0,2,1,1,26.0,0,1,0,5.3,1.9,0,1,332900.0
3559.0,5,4,2,34.0,1,1,0,4.5,1.8,0,1,501300.0
2865.0,4,4,2,44.0,0,1,0,4.8,8.8,0,0,354500.0
3079.0,2,2,1,34.0,0,0,0,3.7,25.0,0,1,227100.0
5246.0,4,4,2,27.0,1,1,0,6.6,2.9,1,0,600100.0
2235.0,3,2,2,38.0,1,1,0,8.0,8.1,1,0,342400.0
2357.0,2,2,3,37.0,0,1,0,3.8,1.9,0,0,329900.0
5052.0,3,2,2,8.0,1,0,0,5.3,10.0,0,1,563200.0
2670.0,3,2,3,11.0,0,1,1,3.3,1.3,0,1,322800.0
3449.0,2,1,2,14.0,1,0,0,6.3,6.8,1,0,454900.0
3851.0,5,4,1,20.0,1,1,0,5.9,10.6,0,1,376300.0
4330.0,4,3,2,34.0,0,1,0,4.3,8.7,0,1,414200.0
3089.0,4,4,1,41.0,0,0,0,5.3,1.5,0,2,408700.0
2231.0,3,2,1,32.0,1,1,0,7.2,1.8,1,1,346900.0
3416.0,3,3,1,50.0,0,0,0,2.3,11.1,0,0,362300.0
1615.0,4,3,2,18.0,1,1,0,2.9,16.6,0,2,255600.0
1948.0,3,2,2,22.0,1,0,0,6.7,23.9,1,0,311900.0
5211.0,2,2,1,12.0,0,1,0,5.6,16.8,0,1,574700.0
3687.0,3,3,1,43.0,1,1,0,5.4,36.5,0,1,348000.0
3439.0,4,3,1,0.0,1,0,0,7.4,5.2,1,0,432900.0
935.0,3,3,2,50.0,1,0,1,6.9,4.0,1,1,296200.0
5192.0,2,1,1,28.0,0,0,1,8.9,0.5,1,0,704300.0
1495.0,4,4,2,23.0,1,0,0,7.3,6.0,1,2,342800.0
4146.0,2,2,1,15.0,0,0,1,6.6,10.5,1,0,546400.0
1451.0,3,2,1,24.0,0,1,0,5.4,16.9,0,1,225100.0
2287.0,2,1,1,22.0,1,1,0,5.2,3.1,0,1,260500.0
2531.0,3,2,1,27.0,0,1,0,5.5,7.2,0,0,271800.0
4346.0,4,4,3,46.0,0,0,0,5.9,10.8,0,1,601000.0
3027.0,3,2,1,15.0,1,1,0,3.1,8.0,0,2,310400.0
2168.0,2,2,1,42.0,1,1,1,6.0,3.2,1,1,340600.0
4600.0,5,4,1,37.0,1,0,0,5.0,15.9,0,1,563500.0
3338.0,5,4,1,10.0,0,0,0,6.2,1.9,1,1,409500.0
4098.0,5,4,1,2.0,0,0,0,4.3,23.5,0,2,417600.0
4513.0,2,2,1,14.0,1,1,0,4.2,30.5,0,0,413400.0
1666.0,3,3,2,0.0,1,0,0,6.0,4.6,1,1,324900.0
4980.0,6,4,2,6.0,1,1,0,6.5,4.7,1,0,572400.0
3044.0,4,4,1,0.0,0,0,0,4.3,13.6,0,2,379900.0
4707.0,1,1,1,48.0,1,1,1,8.1,6.1,1,1,624800.0
3973.0,2,2,3,31.0,0,0,1,8.1,0.5,1,2,559200.0
4569.0,3,2,1,8.0,1,1,0,2.3,25.2,0,2,398300.0
3146.0,5,4,1,28.0,0,0,0,3.9,5.6,0,0,427000.0
1353.0,3,3,1,25.0,1,0,0,5.7,2.3,0,0,325400.0
2682.0,3,3,1,22.0,0,1,0,6.2,8.1,1,0,419400.0
3374.0,2,2,2,44.0,1,1,0,9.8,2.5,1,1,436000.0
3496.0,4,3,1,42.0,0,0,0,5.8,2.3,0,1,372300.0
4785.0,4,3,2,28.0,1,0,0,5.3,7.9,0,2,579900.0
1375.0,3,3,1,37.0,1,0,0,3.2,5.0,0,1,220900.0
2225.0,4,3,1,32.0,1,0,0,2.3,8.5,0,1,231600.0
3669.0,6,4,2,6.0,0,0,1,5.2,50.0,0,2,439900.0
1017.0,2,2,1,11.0,1,1,0,9.6,19.6,1,0,282700.0
714.0,3,2,2,30.0,1,1,1,5.1,0.5,0,0,302200.0
1216.0,3,3,1,31.0,0,0,0,4.0,0.5,0,1,207800.0
4574.0,4,4,2,19.0,0,0,0,6.4,9.4,1,1,649000.0
3867.0,3,3,1,50.0,1,0,0,1.5,9.8,0,2,432200.0
1425.0,4,4,3,16.0,0,0,0,5.7,21.1,0,1,245500.0
2116.0,4,4,1,35.0,1,0,0,7.1,9.9,1,2,385000.0
3746.0,3,3,3,2.0,0,0,0,3.6,2.6,0,1,440900.0
1012.0,5,4,1,0.0,0,0,0,8.2,6.3,1,0,309200.0
1328.0,3,3,2,49.0,1,0,0,6.8,16.6,1,0,258400.0
3948.0,2,2,1,26.0,0,0,1,8.3,25.6,1,0,433100.0
3408.0,4,4,3,46.0,1,0,0,2.7,2.7,0,0,325600.0
1275.0,4,4,1,39.0,0,0,0,5.1,7.8,0,1,223800.0
4065.0,3,2,1,32.0,0,1,0,7.3,1.7,1,1,580800.0
3104.0,5,4,1,19.0,0,1,0,2.5,6.9,0,1,365700.0
3567.0,5,4,1,13.0,1,1,1,7.4,0.9,1,1,581300.0
3386.0,3,2,1,35.0,1,0,0,5.1,28.4,0,0,368700.0
1722.0,6,4,3,4.0,1,0,0,7.4,10.2,1,1,321100.0
4679.0,2,2,3,22.0,0,0,0,5.9,19.3,0,1,516500.0
2171.0,2,2,1,44.0,0,0,0,8.3,50.0,1,2,279500.0
2743.0,2,2,3,14.0,0,1,0,2.9,2.0,0,2,351300.0
2287.0,5,4,2,5.0,1,0,0,6.2,11.8,1,2,310800.0
4732.0,4,3,1,32.0,0,0,1,2.5,21.8,0,1,463200.0
4451.0,2,2,2,18.0,0,0,1,6.3,8.6,1,0,581200.0
4040.0,3,2,2,12.0,0,0,0,6.2,10.2,1,0,482100.0
4366.0,4,4,3,28.0,1,1,0,4.9,5.2,0,2,567000.0
2926.0,2,2,1,5.0,1,0,0,3.9,11.2,0,1,359500.0
3514.0,5,4,2,14.0,0,1,0,4.8,5.0,0,1,415500.0
4552.0,4,4,1,15.0,0,0,0,5.7,6.5,0,2,488200.0
1195.0,3,3,1,23.0,1,1,0,6.1,1.1,1,1,280200.0
1328.0,6,4,1,22.0,0,0,1,9.4,0.5,1,0,429900.0
1965.0,3,2,3,47.0,1,1,0,7.2,0.6,1,0,307500.0
5092.0,6,4,2,9.0,0,0,0,4.3,2.1,0,0,733500.0
1298.0,4,3,2,40.0,1,1,0,6.7,6.1,1,1,215700.0
995.0,4,3,2,40.0,1,0,0,7.3,0.5,1,1,234400.0
4771.0,2,1,1,48.0,1,0,0,4.2,1.7,0,2,511500.0
4960.0,5,4,1,16.0,1,1,0,6.9,15.2,1,1,641300.0
3102.0,3,3,1,48.0,1,1,0,2.5,14.4,0,0,311000.0
2419.0,2,2,1,43.0,0,0,0,4.1,15.6,0,0,263700.0
1317.0,1,1,2,44.0,1,1,0,2.7,25.5,0,1,134600.0
3382.0,3,2,2,29.0,1,0,0,5.1,1.3,0,2,430900.0
4177.0,3,2,1,43.0,1,1,0,4.6,1.8,0,0,475900.0
743.0,4,4,1,45.0,1,1,0,4.7,4.1,0,2,140100.0
3740.0,5,4,1,9.0,1,0,0,7.1,24.7,1,1,477300.0
5091.0,2,1,1,18.0,1,1,1,5.7,14.9,0,0,558000.0
3538.0,4,4,3,28.0,0,1,0,7.1,3.9,1,2,637700.0
4236.0,2,1,2,1.0,1,0,1,8.8,0.9,1,0,545300.0
3822.0,5,4,2,35.0,0,1,0,9.7,9.6,1,1,557900.0
1767.0,4,4,1,18.0,1,0,0,5.2,3.0,0,0,372400.0
3216.0,3,3,1,6.0,1,1,0,6.6,7.6,1,2,498700.0
1662.0,4,4,1,25.0,1,1,0,5.2,28.4,0,2,263400.0
2756.0,3,2,3,14.0,0,0,0,7.5,8.5,1,2,469600.0
3582.0,3,2,2,46.0,0,1,0,7.1,25.7,1,0,361300.0
3894.0,4,3,1,37.0,0,0,0,4.2,5.0,0,0,510600.0
5329.0,3,3,2,2.0,1,0,0,4.5,10.0,0,1,626600.0
1756.0,3,3,1,37.0,0,0,0,8.3,22.4,1,0,227200.0
1332.0,3,2,2,15.0,1,0,0,4.4,8.9,0,1,223000.0
4930.0,4,3,3,1.0,1,1,0,5.3,9.5,0,1,440400.0
5446.0,3,3,2,30.0,0,0,0,6.9,12.6,1,0,648900.0
1553.0,2,2,2,27.0,1,0,0,5.2,21.4,0,1,238900.0
3139.0,4,3,1,6.0,0,1,0,8.6,0.9,1,2,478900.0
3924.0,4,4,1,29.0,1,0,0,7.6,4.1,1,2,620400.0
3901.0,2,2,1,42.0,0,0,0,3.7,5.1,0,1,384400.0
2142.0,2,2,1,6.0,0,0,0,4.3,24.0,0,1,315500.0
1791.0,2,2,2,35.0,0,1,0,6.7,31.2,1,0,201900.0
3593.0,3,2,2,28.0,1,0,0,5.4,1.3,0,0,476000.0
3281.0,3,2,1,23.0,1,0,0,1.6,1.3,0,1,332000.0
1817.0,4,4,2,38.0,0,0,0,3.6,27.3,0,2,205400.0
2140.0,4,4,1,3.0,1,1,1,6.0,3.5,1,0,422100.0
3836.0,4,4,1,28.0,0,0,0,7.3,2.8,1,0,529200.0
2986.0,3,3,1,43.0,0,1,0,7.3,0.5,1,0,425600.0
4319.0,4,4,1,4.0,1,1,0,9.4,3.2,1,0,677500.0
1988.0,3,2,1,28.0,0,1,0,4.1,11.8,0,0,267100.0
2456.0,6,4,1,29.0,0,0,0,4.2,5.6,0,1,407300.0
1965.0,4,4,1,28.0,1,0,0,5.4,7.3,0,1,277900.0
1099.0,2,2,3,25.0,1,1,0,2.1,24.9,0,0,112600.0
2280.0,4,4,1,18.0,1,0,0,5.5,1.2,0,0,366000.0
1110.0,3,3,1,25.0,1,0,0,5.1,0.7,0,1,226100.0
4912.0,4,4,1,36.0,0,0,0,7.1,19.1,1,1,605700.0
1924.0,2,1,2,26.0,1,1,0,7.4,14.9,1,0,270300.0
1755.0,2,2,1,29.0,0,1,0,6.2,3.1,1,2,281200.0
2427.0,5,4,2,50.0,1,0,0,5.5,3.9,0,1,357600.0
3741.0,2,1,2,29.0,0,1,0,6.2,3.7,1,1,545900.0
4086.0,4,3,2,2.0,0,0,0,3.9,10.4,0,2,588200.0
2410.0,3,3,2,42.0,1,1,0,5.3,0.6,0,1,314200.0
3523.0,4,3,1,6.0,1,0,0,5.5,6.7,0,2,342000.0
2814.0,4,4,1,48.0,0,1,0,5.3,1.4,0,2,363700.0
4786.0,3,3,1,8.0,0,0,0,5.2,17.1,0,0,495100.0
1313.0,3,3,2,40.0,1,0,0,4.3,4.8,0,2,244200.0
4202.0,2,1,1,41.0,1,0,0,3.4,7.5,0,0,394800.0
4734.0,1,1,1,12.0,1,0,0,5.1,0.5,0,0,554100.0
4122.0,3,3,3,14.0,1,1,0,6.7,0.6,1,2,545000.0
4868.0,4,4,1,4.0,0,0,0,2.0,11.2,0,2,508900.0
5348.0,5,4,2,28.0,0,0,0,4.5,14.6,0,1,607600.0
5449.0,5,4,2,34.0,1,0,0,9.6,12.4,1,0,699500.0
1843.0,4,4,1,26.0,0,0,0,5.1,13.4,0,1,303700.0
4309.0,4,3,1,26.0,1,0,0,5.8,1.1,0,1,417100.0
1681.0,4,3,1,7.0,0,0,0,9.2,11.8,1,0,355800.0
1055.0,3,2,2,31.0,1,0,0,6.1,2.0,1,2,274800.0
1494.0,5,4,2,19.0,1,0,0,6.2,1.0,1,1,343500.0
1984.0,4,4,2,9.0,1,0,0,3.7,14.2,0,0,276300.0
2558.0,3,2,3,12.0,1,1,0,6.1,22.0,1,0,380800.0
3672.0,2,1,2,28.0,0,1,0,5.5,12.6,0,1,408800.0
2596.0,3,3,1,34.0,0,0,0,7.3,16.4,1,1,352600.0
4885.0,3,3,1,7.0,1,1,0,8.1,47.2,1,0,495700.0
1104.0,5,4,2,28.0,0,1,0,5.6,1.4,0,2,283000.0
1814.0,3,3,1,30.0,1,0,0,6.3,33.6,1,0,221200.0
2131.0,3,2,1,40.0,0,1,0,1.7,9.2,0,1,207500.0
4040.0,6,4,2,29.0,1,0,1,1.0,16.8,0,1,401900.0
1423.0,2,2,1,21.0,1,1,0,7.7,10.5,1,0,278800.0
1528.0,3,3,3,20.0,1,0,0,1.0,8.4,0,1,223600.0
733.0,1,1,2,11.0,0,0,0,6.2,12.2,1,2,209700.0
2705.0,4,4,1,10.0,0,0,0,5.2,3.9,0,1,385900.0
4227.0,5,4,3,1.0,1,1,1,8.0,25.8,1,1,608100.0
5380.0,3,3,1,49.0,1,1,0,5.4,1.2,0,2,602600.0
2452.0,5,4,1,40.0,1,0,0,9.1,3.8,1,2,504700.0
4775.0,3,3,1,1.0,0,0,0,5.1,0.5,0,0,527100.0
3533.0,5,4,1,33.0,0,0,0,7.8,3.2,1,1,528500.0
3884.0,4,4,1,2.0,1,0,1,2.5,2.5,0,0,514800.0
4898.0,4,4,1,15.0,1,0,1,1.0,0.5,0,0,501100.0
3411.0,1,1,1,50.0,0,0,0,5.4,6.8,0,0,372200.0
1850.0,6,4,1,3.0,1,1,0,2.7,6.3,0,2,241500.0
4112.0,4,3,2,22.0,1,1,0,5.4,0.8,0,1,592500.0
1856.0,3,2,2,49.0,1,0,0,4.7,3.0,0,0,230800.0
3976.0,4,4,1,19.0,1,0,0,6.7,30.6,1,0,452300.0
4086.0,3,3,1,24.0,1,1,0,3.4,1.2,0,2,519900.0
4184.0,5,4,1,29.0,0,1,1,6.3,3.6,1,1,548300.0
1996.0,2,2,1,17.0,1,1,0,7.2,0.5,1,1,373600.0
4237.0,4,4,2,41.0,0,1,0,5.1,1.6,0,2,568300.0
3930.0,3,2,2,10.0,1,1,0,6.5,12.0,1,1,611400.0
3303.0,2,1,1,28.0,0,0,1,3.5,4.6,0,0,370700.0
1070.0,2,1,1,16.0,0,0,0,4.7,6.0,0,1,190400.0
1953.0,1,1,1,25.0,0,1,0,2.8,1.7,0,2,235500.0
3383.0,3,2,2,22.0,1,0,0,10.0,11.5,1,2,493800.0
3431.0,3,3,1,47.0,1,0,0,8.0,13.9,1,0,368200.0
957.0,3,2,3,19.0,1,0,1,8.8,2.0,1,0,307900.0
3619.0,3,3,2,44.0,0,1,0,7.9,0.5,1,0,492400.0
1267.0,3,3,1,1.0,1,1,0,4.2,0.8,0,1,286400.0
5068.0,4,3,2,23.0,0,0,0,2.4,10.7,0,1,572800.0
1745.0,1,1,3,30.0,0,0,0,4.7,1.5,0,0,240200.0
4785.0,5,4,2,26.0,1,1,0,6.5,6.8,1,2,727800.0
4319.0,5,4,1,1.0,0,0,0,4.9,1.7,0,1,455700.0
3345.0,4,4,1,13.0,1,0,0,1.0,1.9,0,1,391100.0
1139.0,3,3,2,3.0,1,1,1,7.0,0.5,1,2,366300.0
3379.0,5,4,2,48.0,1,0,0,2.3,3.9,0,1,330700.0
4736.0,2,1,2,12.0,0,0,0,4.7,0.9,0,1,402900.0
5435.0,2,1,3,35.0,1,1,0,9.0,5.0,1,1,619200.0
4375.0,2,2,3,34.0,0,0,1,5.6,9.1,0,2,500300.0
3108.0,4,3,3,43.0,1,1,0,7.7,4.6,1,0,422000.0
3379.0,1,1,1,7.0,1,0,0,6.2,12.2,1,2,448400.0
1524.0,3,2,2,1.0,0,0,0,3.5,13.5,0,0,207700.0
3556.0,6,4,2,5.0,1,0,0,7.0,11.9,1,0,454700.0
2181.0,5,4,2,30.0,1,0,0,5.4,27.6,0,0,293100.0
3924.0,3,2,2,9.0,0,1,1,2.5,2.7,0,2,439000.0
5085.0,2,2,1,43.0,1,1,1,2.2,2.1,0,1,632100.0
855.0,4,4,2,20.0,1,1,1,6.3,9.4,1,0,303400.0
5404.0,3,3,2,41.0,1,0,0,9.8,9.0,1,2,594800.0
2438.0,2,1,1,9.0,1,1,1,3.3,7.1,0,1,405300.0
2544.0,2,2,1,22.0,0,0,1,3.6,0.5,0,2,382000.0
609.0,5,4,1,2.0,0,1,1,6.3,8.1,1,0,300000.0
3471.0,4,4,1,31.0,1,1,0,2.9,27.0,0,0,318900.0
1397.0,4,4,1,19.0,1,0,0,10.0,4.1,1,1,420800.0
1615.0,5,4,1,9.0,1,0,0,3.8,34.3,0,2,189300.0
2424.0,3,2,2,28.0,0,0,1,4.5,4.4,0,1,385100.0
5069.0,3,2,2,40.0,1,0,0,3.9,1.5,0,1,544800.0
3736.0,3,3,2,50.0,1,1,0,7.4,5.1,1,2,564200.0
2793.0,3,3,2,45.0,0,0,1,9.8,6.8,1,0,340300.0
823.0,3,3,1,33.0,0,0,0,4.1,9.9,0,1,146300.0
4758.0,4,4,1,36.0,1,0,0,7.2,7.0,1,1,513000.0
4525.0,4,3,3,19.0,1,1,1,2.9,7.7,0,0,469900.0
5384.0,5,4,1,7.0,1,0,1,7.4,0.5,1,0,754700.0
4600.0,3,3,3,6.0,1,0,0,9.0,2.9,1,2,620200.0
2233.0,4,3,2,5.0,0,0,1,8.4,3.7,1,2,416000.0
2752.0,4,4,2,10.0,0,1,0,5.8,43.5,0,0,275700.0
1110.0,3,2,3,43.0,0,0,0,3.4,3.5,0,0,163500.0
984.0,4,4,1,17.0,1,1,0,5.5,22.7,0,0,245500.0
1004.0,2,1,1,50.0,1,0,0,4.9,3.6,0,2,183000.0
5213.0,3,2,2,41.0,1,0,0,4.6,1.0,0,1,608800.0
5171.0,2,1,1,28.0,1,0,0,5.9,2.8,0,2,733100.0
2600.0,3,2,3,24.0,0,0,1,5.4,3.2,0,2,407100.0
3356.0,3,3,1,20.0,1,0,0,6.9,38.3,1,1,315300.0
2268.0,4,4,2,45.0,1,0,1,6.9,11.2,1,0,398000.0
2060.0,6,4,2,2.0,1,1,0,5.4,26.8,0,1,417200.0
4236.0,4,4,2,17.0,1,0,0,6.4,18.0,1,0,586100.0
3324.0,4,4,1,23.0,1,0,1,8.1,8.6,1,0,484100.0
5409.0,3,3,1,46.0,0,1,1,4.4,11.3,0,0,546200.0
4778.0,4,4,2,37.0,1,0,0,5.5,9.8,0,1,599100.0
2648.0,2,2,1,9.0,0,1,0,3.4,11.0,0,1,321900.0
4746.0,3,3,2,26.0,1,1,0,6.5,3.1,1,1,642500.0
5380.0,3,2,2,11.0,1,0,0,5.9,5.2,0,1,586500.0
1316.0,3,3,2,6.0,0,1,1,6.4,9.0,1,0,346600.0
5144.0,1,1,2,16.0,1,0,0,3.5,0.5,0,2,508100.0
5183.0,2,2,1,0.0,0,0,0,7.0,6.6,1,1,686500.0
2423.0,3,3,2,49.0,1,0,0,5.7,19.6,0,0,247700.0
2681.0,6,4,3,25.0,1,0,0,7.6,6.8,1,1,383500.0
4019.0,3,3,1,14.0,0,0,0,4.6,8.0,0,1,410600.0
2174.0,3,3,3,50.0,0,0,0,6.9,2.3,1,0,321800.0
849.0,2,1,1,32.0,0,0,0,6.4,15.8,1,0,134000.0
1273.0,4,4,1,36.0,0,0,0,8.5,4.4,1,2,258500.0
5133.0,3,3,1,46.0,1,0,0,5.3,31.4,0,0,536700.0
2765.0,2,2,3,30.0,0,0,0,4.4,50.0,0,1,222800.0
1370.0,3,2,1,34.0,0,0,0,4.5,24.8,0,2,166400.0
4562.0,1,1,3,0.0,1,0,1,3.3,0.9,0,1,536700.0
4963.0,1,1,3,7.0,1,0,0,4.5,4.1,0,0,628300.0
2584.0,2,2,1,11.0,0,0,0,1.0,29.0,0,2,208300.0
1677.0,1,1,1,18.0,1,1,1,8.2,16.3,1,1,331100.0
835.0,2,2,2,24.0,1,1,0,9.4,24.2,1,1,235800.0
988.0,3,3,1,31.0,0,0,0,5.2,8.5,0,1,217200.0
3637.0,4,4,2,11.0,1,1,0,6.4,6.5,1,2,522000.0
5458.0,3,2,1,12.0,1,0,0,5.8,1.1,0,2,735400.0
2448.0,3,2,1,27.0,0,0,0,2.9,18.3,0,2,245900.0
5319.0,3,3,2,0.0,1,1,0,7.6,13.7,1,1,725300.0
3414.0,5,4,1,50.0,0,0,0,7.9,0.6,1,2,449900.0
3974.0,3,3,1,5.0,1,1,0,3.4,2.3,0,2,435200.0
3878.0,2,2,1,7.0,1,0,1,6.2,8.1,1,2,406800.0
1852.0,4,3,1,3.0,1,0,0,5.0,11.5,0,2,341800.0
4581.0,2,1,2,4.0,0,0,0,7.9,1.5,1,0,555200.0
5273.0,3,2,2,24.0,1,0,1,5.3,2.8,0,1,667600.0
2722.0,3,3,1,21.0,1,0,0,5.4,2.1,0,0,454800.0
5130.0,5,4,2,27.0,1,0,0,9.1,2.5,1,1,613900.0
2750.0,3,3,2,38.0,1,1,1,2.9,25.3,0,0,284800.0
5459.0,4,3,1,22.0,1,0,0,6.0,12.6,1,2,551100.0
1929.0,6,4,1,3.0,1,0,0,5.7,13.4,0,1,260200.0
1958.0,2,2,3,3.0,1,0,1,4.3,15.8,0,1,315600.0
3082.0,3,2,2,46.0,1,1,0,9.6,4.4,1,1,529300.0
5142.0,3,3,2,20.0,0,0,0,6.2,14.6,1,0,561700.0
2617.0,3,3,2,36.0,0,0,1,6.8,38.4,1,1,276700.0
1931.0,3,3,1,40.0,1,1,0,7.1,12.0,1,1,315200.0
4944.0,5,4,2,1.0,1,0,1,4.9,5.4,0,2,654100.0
4861.0,4,3,2,6.0,0,0,0,8.0,12.6,1,0,661000.0
1958.0,4,3,2,48.0,0,1,0,7.6,23.1,1,0,332300.0
5237.0,3,3,1,15.0,1,1,0,5.3,1.4,0,1,575000.0
5454.0,4,3,1,16.0,0,0,0,7.4,3.1,1,0,608500.0
3777.0,6,4,1,19.0,1,0,0,8.0,25.2,1,0,532400.0
2728.0,4,4,3,22.0,1,1,0,7.1,29.2,1,0,370100.0
2780.0,1,1,1,33.0,1,0,0,3.8,6.6,0,1,329600.0
5492.0,4,4,1,10.0,0,1,0,5.3,4.7,0,0,566400.0
737.0,2,1,1,33.0,1,0,0,6.5,3.3,1,1,247100.0
4072.0,3,3,1,32.0,0,0,0,6.0,6.9,1,2,494500.0
3432.0,2,2,2,25.0,1,0,1,4.0,27.3,0,2,294700.0
4179.0,4,4,2,1.0,1,1,0,4.9,1.6,0,1,590900.0
3631.0,4,3,2,22.0,1,1,0,6.2,5.4,1,1,513200.0
4764.0,2,2,1,40.0,0,1,1,2.5,24.3,0,0,458700.0
3193.0,3,3,2,21.0,1,1,0,5.5,4.3,0,0,548600.0
4900.0,3,3,1,33.0,1,0,0,6.9,14.6,1,0,529200.0
4418.0,3,2,1,14.0,1,0,0,6.1,4.9,1,1,428700.0
4738.0,2,2,1,9.0,0,1,1,3.8,16.3,0,1,582400.0
4423.0,3,3,1,14.0,1,1,0,4.1,39.6,0,2,333800.0
4642.0,4,4,1,41.0,1,1,0,8.5,4.9,1,2,559300.0
2506.0,2,2,2,28.0,1,1,1,3.6,18.6,0,0,323000.0
1360.0,2,1,2,22.0,0,0,1,7.9,44.6,1,1,199800.0
4045.0,3,2,2,16.0,0,0,0,4.3,41.2,0,0,350500.0
1499.0,5,4,1,8.0,0,1,0,7.8,5.7,1,1,355800.0
5055.0,4,4,1,49.0,1,0,1,6.6,6.7,1,0,734600.0
3547.0,4,3,1,35.0,1,0,0,4.8,3.6,0,2,310800.0
2319.0,3,3,3,8.0,0,1,0,2.0,3.8,0,2,320900.0
880.0,3,2,2,15.0,1,0,0,6.3,6.8,1,0,218600.0
3866.0,1,1,2,35.0,1,1,0,5.9,2.2,0,2,428000.0
2487.0,4,3,1,47.0,1,0,1,6.3,12.4,1,1,422700.0
3866.0,5,4,2,50.0,0,1,0,6.6,7.7,1,1,532000.0
1266.0,4,4,1,32.0,1,1,1,2.9,22.8,0,1,241400.0
4788.0,5,4,2,30.0,0,0,0,6.3,16.6,1,1,469500.0
1271.0,4,4,3,5.0,0,0,0,7.0,3.9,1,2,392900.0
2569.0,2,1,3,9.0,1,0,0,7.0,7.0,1,2,357800.0
4756.0,5,4,2,15.0,1,0,0,3.0,13.9,0,1,602700.0
3722.0,2,1,1,3.0,0,0,1,7.8,2.1,1,2,487300.0
5299.0,3,3,3,21.0,0,0,0,6.4,0.5,1,2,709100.0
5377.0,2,2,2,12.0,0,0,0,6.6,19.1,1,1,572500.0
4500.0,1,1,1,15.0,0,0,0,3.7,1.5,0,0,352300.0
1123.0,3,2,1,28.0,1,0,1,7.0,22.0,1,1,254100.0
2993.0,3,2,1,5.0,0,1,1,2.1,24.5,0,2,399800.0
3717.0,3,3,1,25.0,1,0,0,3.8,6.2,0,0,456300.0
3193.0,3,3,1,10.0,0,1,0,8.0,16.4,1,1,421200.0
2568.0,1,1,2,23.0,0,1,0,6.9,4.5,1,0,414000.0
2353.0,2,2,1,28.0,0,1,0,6.1,19.5,1,2,317300.0
2896.0,3,3,1,2.0,0,1,0,7.4,17.4,1,2,502500.0
2861.0,3,3,2,9.0,0,0,0,7.5,0.8,1,1,444400.0
2886.0,4,4,2,0.0,1,1,0,7.0,8.7,1,1,457500.0
4802.0,4,4,2,42.0,0,0,0,5.1,10.2,0,2,591600.0
3478.0,4,4,1,25.0,1,1,0,3.7,0.5,0,0,451900.0
4743.0,4,4,3,11.0,1,1,0,4.2,39.1,0,2,528600.0
4244.0,3,3,3,13.0,1,0,0,8.3,5.2,1,1,524000.0
5032.0,4,4,1,24.0,1,0,0,2.9,7.3,0,1,602600.0
2655.0,3,3,1,7.0,0,0,0,6.5,2.2,1,1,449700.0
5320.0,3,3,2,42.0,0,1,0,6.5,9.4,1,1,685100.0
1876.0,4,3,2,3.0,1,0,0,8.4,16.6,1,2,318300.0
3366.0,3,3,3,27.0,1,0,1,6.5,8.8,1,2,436800.0
902.0,4,4,3,6.0,1,0,0,4.7,15.5,0,2,227800.0
1238.0,4,4,2,9.0,0,0,1,4.7,13.1,0,0,275500.0
655.0,5,4,2,50.0,1,1,0,5.5,2.7,0,1,204700.0
5421.0,5,4,1,35.0,0,1,0,7.8,5.7,1,1,703800.0
1125.0,3,3,1,1.0,0,0,0,7.1,1.6,1,2,287100.0
5169.0,3,2,1,25.0,1,0,0,3.3,0.5,0,1,610700.0
4723.0,3,3,2,49.0,0,0,0,6.1,0.7,1,2,684400.0
2725.0,3,2,2,13.0,0,0,0,7.2,28.6,1,2,328500.0
3887.0,4,4,2,15.0,0,1,0,5.0,41.7,0,1,363800.0
964.0,4,4,1,42.0,1,0,1,1.2,1.0,0,2,239300.0
5221.0,4,4,2,41.0,1,0,0,5.1,4.1,0,2,600300.0
2246.0,3,3,1,16.0,0,1,0,2.5,1.2,0,2,314200.0
1518.0,2,2,1,45.0,1,1,0,2.2,18.0,0,1,186700.0
3397.0,3,2,2,21.0,0,0,0,7.6,6.9,1,2,447400.0
2131.0,2,2,2,3.0,1,0,0,10.0,9.7,1,0,354800.0
3945.0,5,4,3,18.0,1,0,0,8.2,7.8,1,1,491200.0
2506.0,3,2,1,1.0,1,1,0,1.0,12.4,0,0,263900.0
3686.0,2,2,1,38.0,0,1,0,5.2,3.8,0,0,391300.0
5180.0,1,1,1,8.0,1,0,0,4.3,1.5,0,2,594600.0
2675.0,4,4,1,18.0,0,0,0,2.6,0.5,0,1,398200.0
1313.0,4,4,3,15.0,1,1,1,6.4,5.9,1,0,439200.0
1662.0,3,3,2,24.0,0,1,1,5.1,23.8,0,1,258300.0
2576.0,2,2,3,47.0,0,1,1,3.2,3.6,0,2,315400.0
1896.0,3,3,1,17.0,1,0,0,1.4,2.2,0,2,199300.0
725.0,3,3,3,22.0,1,0,0,4.3,26.0,0,0,157900.0
5232.0,4,3,1,20.0,1,0,0,5.5,1.1,0,2,667900.0
4196.0,4,3,3,10.0,1,0,0,5.3,0.5,0,1,495000.0
3883.0,3,2,1,38.0,0,0,0,7.6,21.2,1,1,358600.0
2203.0,2,2,1,40.0,1,0,1,6.2,12.1,1,1,422600.0
666.0,6,4,2,3.0,1,0,0,4.8,5.5,0,2,244000.0
832.0,3,3,3,24.0,0,1,0,3.9,14.0,0,2,191900.0
2756.0,4,4,1,31.0,1,0,0,2.0,13.5,0,0,286000.0
1769.0,2,2,1,29.0,0,1,0,3.3,0.5,0,1,203700.0
2758.0,3,2,3,44.0,1,0,0,8.2,11.3,1,1,456400.0
4806.0,1,1,1,25.0,0,1,0,7.2,10.2,1,1,412900.0
2093.0,3,3,1,35.0,1,0,0,6.1,33.2,1,1,301000.0
5318.0,6,4,1,50.0,1,1,0,4.5,34.0,0,1,535100.0
4607.0,3,3,1,33.0,1,0,0,8.0,4.7,1,1,554900.0
3072.0,1,1,3,8.0,1,0,0,3.5,8.9,0,0,334700.0
3260.0,1,1,2,11.0,1,1,1,3.5,1.5,0,1,445300.0
3339.0,3,3,2,1.0,1,0,0,5.3,0.7,0,2,430900.0
2361.0,2,2,3,37.0,0,0,0,1.1,5.7,0,1,245900.0
4114.0,1,1,1,4.0,1,1,1,3.4,11.7,0,2,415300.0
2575.0,4,4,1,4.0,0,1,0,5.0,8.4,0,0,275800.0
2962.0,3,2,1,21.0,1,0,0,4.6,5.6,0,1,395200.0
1476.0,3,3,1,4.0,0,0,0,3.5,17.0,0,1,273200.0
4412.0,5,4,1,3.0,1,0,0,9.6,15.8,1,0,645900.0
4048.0,2,2,3,8.0,1,0,0,8.2,13.2,1,0,522100.0
1912.0,6,4,2,28.0,1,1,0,8.9,0.8,1,2,428400.0
2060.0,3,3,1,21.0,1,0,0,5.3,15.9,0,1,281700.0
3309.0,5,4,2,26.0,1,0,0,4.5,25.2,0,1,372300.0
2924.0,4,3,2,9.0,1,1,1,8.7,0.6,1,1,561900.0
2333.0,4,4,3,15.0,0,0,0,5.7,5.1,0,2,275800.0
2205.0,6,4,3,41.0,0,1,0,3.4,44.5,0,1,163200.0
3163.0,3,2,2,41.0,1,0,0,3.5,9.1,0,2,374700.0
4021.0,6,4,2,50.0,0,0,0,4.9,7.2,0,1,462600.0
4117.0,3,3,2,9.0,0,0,1,5.5,2.0,0,1,478000.0
2997.0,3,3,2,5.0,0,0,1,5.7,8.3,0,0,384400.0
4335.0,3,2,1,48.0,1,0,0,5.1,5.8,0,2,439200.0
3470.0,3,2,1,4.0,1,0,1,10.0,1.4,1,1,548900.0
1760.0,2,2,2,5.0,1,0,0,2.8,6.2,0,1,295900.0
5454.0,3,2,1,46.0,0,0,1,6.8,1.8,1,0,543400.0
842.0,3,2,1,24.0,1,0,0,4.5,13.1,0,1,191500.0
3190.0,4,4,2,50.0,1,0,0,5.4,36.4,0,0,360200.0
1663.0,4,4,1,49.0,1,0,0,7.4,6.3,1,1,322000.0
4924.0,3,3,2,3.0,1,1,0,1.9,10.0,0,2,565200.0
3195.0,3,2,2,39.0,0,0,0,3.6,5.6,0,2,374000.0
1519.0,3,3,3,47.0,1,0,1,5.2,1.5,0,0,270700.0
605.0,2,1,1,31.0,0,1,1,8.5,35.3,1,2,182400.0
1067.0,2,2,1,50.0,0,0,0,8.4,1.4,1,2,275300.0
4770.0,3,2,2,34.0,1,1,0,8.1,1.2,1,1,560800.0
603.0,3,3,2,9.0,1,1,1,1.1,6.1,0,1,211000.0
1245.0,6,4,3,33.0,0,0,0,3.4,10.8,0,2,279600.0
717.0,3,2,1,35.0,1,0,0,3.5,4.4,0,1,159800.0
3528.0,3,2,1,5.0,1,1,0,5.4,2.1,0,1,425800.0
3151.0,3,2,3,42.0,1,0,0,1.8,17.1,0,1,280600.0
4889.0,2,2,1,45.0,0,1,0,7.7,4.5,1,0,526400.0
1446.0,3,2,2,15.0,0,0,0,1.5,2.2,0,2,194500.0
3362.0,4,4,1,18.0,1,0,0,7.6,4.5,1,1,550900.0
1741.0,3,3,1,33.0,1,0,0,7.2,2.4,1,1,311900.0
2410.0,3,3,1,24.0,1,0,1,3.3,7.3,0,0,332600.0
1323.0,6,4,1,30.0,0,0,0,8.0,11.0,1,1,348100.0
824.0,5,4,2,48.0,1,1,0,4.8,16.1,0,1,204200.0
5227.0,4,3,3,40.0,0,1,0,4.3,2.6,0,1,540600.0
4808.0,3,3,1,16.0,1,1,0,4.7,1.8,0,2,617400.0
5254.0,4,3,2,46.0,0,0,0,4.8,0.5,0,0,634200.0
2648.0,2,2,1,29.0,1,1,0,5.0,2.6,0,0,348700.0
5349.0,3,3,2,38.0,0,1,0,5.1,0.5,0,1,700500.0
5015.0,1,1,1,30.0,1,1,0,3.7,4.2,0,1,504100.0
2173.0,3,2,3,18.0,0,0,0,4.2,1.6,0,0,341500.0
2428.0,3,2,2,34.0,1,1,0,4.4,8.7,0,0,392000.0
2517.0,2,1,2,28.0,1,0,0,8.8,4.8,1,2,377600.0
4834.0,6,4,2,0.0,1,0,0,4.4,1.0,0,0,557200.0
2626.0,5,4,2,3.0,0,1,1,4.2,5.1,0,2,482800.0
4344.0,4,4,3,27.0,0,0,0,8.5,2.3,1,1,585700.0
1501.0,3,2,2,17.0,1,0,0,4.9,11.4,0,1,226400.0
5385.0,5,4,3,25.0,0,1,0,3.7,4.5,0,0,569300.0
2639.0,2,2,2,39.0,0,0,1,3.3,1.6,0,2,288400.0
609.0,4,4,1,18.0,0,1,0,2.7,4.3,0,0,172700.0
860.0,2,2,2,5.0,0,1,0,6.6,2.5,1,1,266500.0
2273.0,4,4,1,0.0,0,0,0,1.9,15.9,0,0,301000.0
2819.0,3,3,2,7.0,1,0,0,8.2,41.0,1,2,433900.0
2660.0,5,4,1,32.0,0,1,0,5.3,0.5,0,2,386100.0
4313.0,5,4,2,50.0,0,0,0,4.6,11.7,0,1,592100.0
2219.0,2,2,1,42.0,0,1,0,5.0,3.1,0,1,254500.0
920.0,3,3,1,20.0,1,1,1,6.4,0.7,1,2,271300.0
1942.0,6,4,1,23.0,1,0,0,4.6,0.5,0,2,299100.0
2976.0,3,3,3,24.0,1,0,0,5.1,21.3,0,1,316600.0
3432.0,5,4,1,46.0,0,1,0,7.6,4.4,1,2,536300.0
3424.0,3,2,1,42.0,0,0,0,6.2,50.0,1,1,359300.0
2594.0,3,3,2,18.0,1,0,0,3.0,5.8,0,0,395400.0
3558.0,3,3,2,28.0,0,1,1,4.1,2.1,0,0,356600.0
2638.0,2,1,1,9.0,0,1,0,1.9,15.0,0,1,280700.0
4090.0,4,4,1,11.0,0,1,0,6.7,26.1,1,1,577100.0
4277.0,3,2,1,32.0,1,0,0,6.9,16.9,1,0,536900.0
1718.0,3,2,3,6.0,0,1,1,3.6,13.7,0,0,269100.0
2204.0,3,2,1,16.0,1,1,0,10.0,4.1,1,1,439000.0
4627.0,3,3,1,9.0,0,1,0,10.0,0.7,1,0,557400.0
835.0,5,4,1,30.0,1,1,0,5.5,2.2,0,0,282600.0
2569.0,6,4,1,5.0,1,0,0,3.9,5.9,0,2,321500.0
5029.0,3,3,2,16.0,0,1,0,6.0,31.3,1,1,566300.0
2508.0,4,4,1,49.0,1,1,1,3.9,12.8,0,0,324400.0
975.0,4,4,1,36.0,1,0,0,7.4,17.6,1,1,268600.0
4130.0,3,3,1,17.0,0,0,0,5.8,3.2,0,2,480100.0
3235.0,6,4,1,25.0,1,1,0,6.0,11.5,1,1,443000.0
2170.0,2,2,1,48.0,1,0,0,9.0,19.8,1,0,357100.0
3160.0,2,2,2,15.0,1,0,0,4.3,6.5,0,2,460200.0
3991.0,5,4,2,7.0,1,0,0,4.3,5.6,0,1,453600.0
3565.0,3,3,3,23.0,1,0,0,7.2,12.7,1,1,494500.0
4243.0,4,4,3,12.0,1,0,1,4.7,8.2,0,1,491300.0
4450.0,5,4,2,28.0,0,0,0,8.7,49.9,1,1,460500.0
1472.0,2,2,1,31.0,1,1,0,7.5,5.5,1,1,276800.0
1852.0,5,4,2,23.0,1,1,0,4.8,1.9,0,2,302600.0
1914.0,3,3,2,15.0,1,1,0,1.9,6.4,0,1,304700.0
5420.0,3,2,2,10.0,1,0,0,2.6,2.7,0,2,567600.0
3498.0,4,4,2,31.0,0,1,0,4.5,8.2,0,1,403200.0
677.0,5,4,1,5.0,0,1,0,6.3,1.3,1,1,280300.0
3221.0,1,1,2,34.0,1,1,1,7.7,30.0,1,1,472400.0
4827.0,3,2,2,32.0,1,0,0,5.1,19.6,0,0,546300.0
1200.0,4,4,3,17.0,1,0,0,3.7,1.7,0,0,287800.0
1665.0,4,4,1,36.0,0,1,0,5.2,1.9,0,2,280700.0
2736.0,4,3,1,12.0,0,1,1,5.5,7.2,0,1,430400.0
3049.0,2,2,1,9.0,1,1,1,8.1,14.8,1,0,407200.0
2943.0,3,2,2,36.0,1,0,0,8.0,2.5,1,1,436800.0
2463.0,3,3,1,25.0,0,0,0,3.5,0.6,0,0,344700.0
1918.0,4,3,1,45.0,0,1,0,6.4,7.9,1,2,365700.0
5311.0,3,3,3,16.0,0,0,0,3.8,11.8,0,0,499300.0
4197.0,2,1,1,0.0,1,1,0,3.8,2.8,0,1,512700.0
4362.0,6,4,2,24.0,1,1,1,7.6,13.5,1,1,675100.0
5270.0,1,1,1,33.0,1,1,0,5.1,30.1,0,1,459100.0
2790.0,6,4,2,38.0,0,0,1,6.8,1.5,1,0,518000.0
1592.0,4,4,2,9.0,0,0,0,6.6,7.2,1,1,384300.0
3312.0,4,4,3,19.0,1,1,0,5.3,0.6,0,2,540700.0
2792.0,3,3,3,6.0,1,1,0,6.2,2.3,1,2,401300.0
1848.0,1,1,1,15.0,1,0,0,5.9,0.9,0,1,281100.0
3654.0,4,4,1,36.0,1,0,1,3.2,5.2,0,1,481100.0
5198.0,4,4,1,28.0,1,0,0,6.5,17.2,1,0,524500.0
4633.0,4,4,2,11.0,0,1,0,4.1,8.6,0,0,622100.0
2597.0,2,1,3,16.0,1,1,0,3.4,2.5,0,2,357900.0
4287.0,4,4,1,47.0,1,1,0,7.2,0.5,1,2,537800.0
2751.0,4,4,2,19.0,0,0,1,4.3,8.1,0,1,382800.0
4618.0,4,4,1,25.0,1,1,0,7.7,1.4,1,1,562400.0
3710.0,4,4,2,47.0,1,0,0,7.7,4.2,1,1,560000.0
2570.0,4,4,3,18.0,1,0,0,4.5,7.1,0,0,417000.0
797.0,4,4,1,46.0,0,1,0,7.6,23.4,1,1,201800.0
3226.0,2,2,1,11.0,0,0,0,4.7,0.9,0,2,463000.0
1802.0,3,2,1,20.0,1,0,0,5.4,11.0,0,1,264000.0
2635.0,2,2,2,41.0,1,1,0,6.5,0.5,1,1,355200.0
1077.0,3,2,2,33.0,1,0,1,9.6,9.9,1,0,358200.0
1854.0,3,2,1,6.0,0,0,0,7.4,8.0,1,0,276300.0
1522.0,2,1,1,44.0,0,0,0,5.4,16.7,0,1,155500.0
1019.0,3,2,1,34.0,0,0,0,5.7,7.6,0,2,184100.0
2804.0,2,2,2,14.0,1,1,1,2.3,4.3,0,2,344900.0
3197.0,4,4,2,0.0,0,0,0,7.5,2.8,1,2,549100.0
1720.0,5,4,1,25.0,0,1,0,7.3,0.9,1,1,311400.0
3668.0,2,2,2,34.0,0,0,0,6.1,7.6,1,1,450100.0
1550.0,6,4,2,24.0,0,0,0,6.9,21.9,1,2,341600.0
2936.0,3,2,1,41.0,1,0,0,1.4,7.2,0,1,338300.0
2843.0,3,2,1,14.0,1,1,1,3.3,13.4,0,2,354900.0
3245.0,2,1,2,21.0,1,0,0,9.1,3.5,1,2,457000.0
2457.0,3,2,3,5.0,1,1,0,5.0,5.9,0,1,468900.0
5212.0,4,3,1,14.0,0,0,0,7.0,3.9,1,1,713700.0
2465.0,4,4,1,23.0,0,1,0,4.0,1.2,0,1,342100.0
3512.0,2,1,1,20.0,0,1,0,4.6,5.4,0,0,434900.0
3453.0,2,2,2,6.0,1,1,0,9.2,14.5,1,1,514600.0
3828.0,3,3,1,28.0,1,1,0,5.2,5.0,0,2,472900.0
4319.0,3,2,1,31.0,0,1,0,6.5,10.5,1,2,648300.0
3828.0,2,2,2,31.0,1,1,0,5.8,14.2,0,0,491500.0
2971.0,3,3,2,4.0,1,0,0,6.0,3.9,1,1,541700.0
3491.0,4,4,1,3.0,0,0,0,5.9,16.0,0,1,383100.0
4356.0,5,4,1,21.0,0,1,1,1.5,4.1,0,1,610800.0
4825.0,3,3,2,17.0,1,0,1,6.5,3.0,1,1,619100.0
694.0,5,4,1,34.0,0,0,0,4.4,2.5,0,1,201100.0
3274.0,3,3,1,16.0,0,0,0,9.1,2.2,1,1,514400.0
2555.0,3,2,3,49.0,0,0,0,4.0,13.4,0,0,299000.0
1393.0,2,1,1,49.0,0,1,0,4.6,21.8,0,1,174100.0
2434.0,4,4,2,23.0,1,0,0,10.0,2.6,1,1,529600.0
2716.0,6,4,3,1.0,0,1,0,6.9,0.9,1,0,444600.0
4706.0,4,4,1,12.0,1,1,0,3.5,3.8,0,1,476600.0
3925.0,3,2,1,14.0,1,1,1,5.9,10.7,0,1,499500.0
3519.0,4,3,2,4.0,0,0,0,3.1,4.6,0,2,421900.0
3197.0,2,1,3,2.0,1,0,0,6.0,8.0,1,1,433700.0
3805.0,5,4,3,36.0,0,1,0,3.9,13.6,0,1,518900.0
5407.0,3,2,2,36.0,0,1,0,9.2,5.3,1,1,662500.0
1414.0,3,2,1,36.0,0,1,0,6.3,50.0,1,0,195800.0
945.0,3,2,2,2.0,0,0,0,6.6,3.5,1,1,312200.0
2949.0,4,3,1,34.0,1,0,0,7.4,38.3,1,2,346200.0
962.0,2,2,1,22.0,1,1,0,7.6,2.3,1,1,219900.0
3043.0,4,4,1,27.0,1,0,0,4.1,1.2,0,1,519300.0
2865.0,2,1,1,29.0,1,1,0,5.7,13.9,0,0,325400.0
2788.0,4,3,2,17.0,1,1,0,4.6,12.1,0,2,430100.0
3605.0,4,4,1,35.0,0,1,1,9.7,16.7,1,2,509000.0
3881.0,4,4,1,32.0,0,0,0,1.0,4.2,0,0,455700.0
1584.0,3,3,1,25.0,0,0,0,4.3,26.7,0,1,213000.0
2239.0,3,3,3,47.0,0,1,0,5.3,1.3,0,0,290100.0
1427.0,2,2,2,39.0,0,1,0,5.8,0.5,0,1,200600.0
3330.0,4,3,1,16.0,1,1,0,5.7,3.6,0,0,460400.0
4131.0,3,2,1,39.0,1,1,1,5.4,16.0,0,0,508100.0
5051.0,3,3,1,6.0,1,1,0,5.2,11.2,0,0,611100.0
3535.0,3,3,3,7.0,0,1,0,6.0,5.7,1,2,445100.0
4476.0,2,2,2,30.0,1,0,0,6.4,3.0,1,2,495300.0
726.0,4,4,2,11.0,0,0,0,9.1,0.6,1,0,247100.0
3777.0,2,1,2,47.0,0,0,0,9.1,4.1,1,1,448300.0
3656.0,4,3,1,30.0,1,0,0,6.1,6.2,1,0,373000.0
1203.0,3,3,2,43.0,1,0,0,4.5,11.6,0,0,191000.0
4049.0,1,1,2,18.0,1,0,0,4.6,10.4,0,2,450400.0
4746.0,3,2,1,9.0,1,1,1,2.9,29.4,0,0,492000.0
4133.0,1,1,1,38.0,0,0,0,7.4,1.1,1,1,436300.0
3967.0,3,3,2,11.0,0,0,0,5.4,4.1,0,1,497200.0
3968.0,4,3,3,19.0,0,0,0,6.4,6.6,1,0,596900.0
4397.0,2,2,1,36.0,0,1,0,6.2,11.1,1,1,464800.0
2392.0,4,4,3,47.0,0,0,0,4.1,6.8,0,2,281500.0
3461.0,1,1,2,40.0,0,0,0,3.9,24.4,0,2,334900.0
4076.0,2,2,1,6.0,1,0,0,4.6,9.4,0,0,504000.0
4017.0,4,4,1,13.0,0,1,0,6.5,0.5,1,2,501000.0
2245.0,3,3,1,10.0,1,1,0,5.3,1.2,0,2,340300.0
1805.0,2,2,2,6.0,1,1,0,2.0,14.0,0,0,171900.0
3630.0,3,2,1,28.0,1,0,0,3.5,12.6,0,1,357600.0
3472.0,3,2,1,9.0,0,1,0,5.0,1.7,0,0,377300.0
3672.0,4,4,2,28.0,1,0,0,5.4,0.6,0,1,398900.0
2454.0,3,2,2,8.0,1,0,0,6.5,8.6,1,1,365700.0
4621.0,4,3,1,35.0,0,0,0,5.6,10.1,0,0,494900.0
5262.0,5,4,1,47.0,0,0,0,4.8,1.5,0,0,551300.0
3308.0,3,3,1,9.0,0,1,1,4.7,6.4,0,1,434500.0
4102.0,5,4,2,18.0,0,0,0,5.9,3.7,0,1,620700.0
1932.0,3,2,2,30.0,0,0,0,6.3,26.8,1,1,268500.0
801.0,6,4,1,16.0,0,0,0,4.8,2.5,0,1,262400.0
4107.0,2,2,2,8.0,1,0,0,3.3,13.2,0,0,515600.0
4812.0,4,4,2,44.0,0,1,0,5.3,7.3,0,1,607200.0
1174.0,3,2,2,32.0,0,1,0,4.2,0.5,0,0,213400.0
1136.0,3,3,2,33.0,1,1,0,6.1,7.3,1,2,218500.0
2225.0,4,4,1,44.0,1,0,0,8.5,1.0,1,1,393900.0
2722.0,4,4,1,23.0,1,0,0,2.8,10.8,0,0,385000.0
985.0,1,1,2,8.0,0,0,0,7.8,8.3,1,0,268300.0
3881.0,2,1,2,6.0,1,1,0,6.4,0.5,1,0,478600.0
1074.0,4,4,2,15.0,0,1,0,7.7,2.3,1,0,321700.0
1017.0,4,3,1,18.0,0,1,0,4.6,15.0,0,1,209400.0
4200.0,6,4,3,38.0,0,0,0,2.6,3.2,0,2,446700.0
1554.0,4,3,2,5.0,0,0,0,5.9,6.9,0,1,283000.0
5458.0,6,4,1,49.0,1,0,0,8.3,3.7,1,1,620200.0
1805.0,4,3,1,50.0,1,1,0,3.4,25.4,0,1,223600.0
5359.0,3,2,2,10.0,1,1,0,3.7,7.7,0,1,495200.0
4720.0,2,2,2,11.0,0,1,0,6.7,11.9,1,0,630700.0
2590.0,4,3,1,41.0,1,1,0,4.5,0.9,0,0,355900.0
5405.0,4,4,3,12.0,1,0,0,8.8,0.5,1,2,628800.0
4172.0,1,1,1,11.0,1,0,0,6.8,3.0,1,2,567000.0
4980.0,3,2,1,20.0,0,0,0,4.1,3.7,0,0,595900.0
4758.0,6,4,3,9.0,1,0,0,4.4,11.6,0,0,777500.0
5357.0,3,3,3,19.0,0,0,1,4.4,8.4,0,2,714500.0
3313.0,3,2,2,49.0,1,1,0,5.4,4.7,0,1,367200.0
2803.0,3,3,3,35.0,1,1,0,6.1,10.6,1,2,425000.0
3720.0,2,2,1,27.0,1,0,0,6.0,1.8,1,0,589800.0
1566.0,3,2,3,23.0,1,0,0,3.3,0.7,0,2,244400.0
4032.0,3,3,1,4.0,0,0,0,7.3,19.3,1,2,417500.0
1288.0,2,1,1,36.0,1,1,0,4.9,8.3,0,0,195100.0
4843.0,4,4,1,11.0,0,0,1,3.6,10.5,0,1,485800.0
4301.0,3,3,1,34.0,0,0,0,4.6,3.7,0,0,426900.0
941.0,4,3,1,39.0,0,1,0,7.5,4.7,1,1,248000.0
2324.0,5,4,1,1.0,0,0,0,5.9,0.9,0,1,426800.0
5022.0,2,2,1,49.0,1,0,0,6.1,19.4,1,1,424600.0
2392.0,4,3,1,40.0,0,1,0,3.2,9.0,0,1,293000.0
2359.0,3,3,2,44.0,0,1,0,5.8,0.9,0,0,313900.0
3812.0,5,4,1,38.0,0,1,0,7.5,16.3,1,1,523200.0
1589.0,2,2,1,41.0,0,0,0,1.9,5.9,0,1,183200.0
2862.0,4,3,2,8.0,1,0,1,4.7,14.5,0,2,471500.0
3082.0,4,3,3,21.0,0,1,0,6.7,0.5,1,0,514900.0
1551.0,3,2,2,46.0,0,0,0,5.8,0.5,0,1,244700.0
1322.0,2,2,1,4.0,1,1,0,3.5,1.9,0,1,241700.0
3989.0,4,3,2,11.0,0,1,1,6.3,2.4,1,1,670200.0
2679.0,4,3,1,0.0,0,1,0,3.2,14.4,0,1,347400.0
3317.0,3,2,1,43.0,1,0,0,3.8,12.3,0,1,384600.0
2932.0,4,4,1,21.0,1,0,1,4.0,9.6,0,2,361000.0
3976.0,3,2,2,37.0,0,0,0,8.6,21.6,1,0,518500.0
5124.0,4,3,1,50.0,1,1,0,2.2,2.8,0,2,400400.0
2100.0,2,2,1,18.0,1,0,0,2.3,23.5,0,1,169200.0
885.0,5,4,1,15.0,1,0,0,6.1,24.0,1,1,210200.0
4095.0,3,2,3,30.0,1,0,1,5.7,5.7,0,1,558100.0
2665.0,3,3,2,50.0,0,0,0,4.6,1.0,0,2,370200.0
1368.0,2,1,1,2.0,1,0,0,5.5,13.0,0,1,210500.0
3657.0,2,1,2,22.0,0,0,1,3.4,4.1,0,2,327500.0
4889.0,3,2,2,41.0,0,1,0,5.7,15.8,0,0,556600.0
2761.0,3,3,2,17.0,1,0,0,5.9,1.8,0,1,438900.0
3893.0,4,4,1,25.0,1,0,0,7.9,7.8,1,1,560500.0
1546.0,1,1,3,12.0,0,1,0,9.3,7.1,1,1,415800.0
3935.0,3,3,1,17.0,1,1,0,5.0,1.1,0,1,498300.0
4750.0,3,2,2,2.0,1,0,1,3.0,4.5,0,1,484700.0
5495.0,1,1,1,22.0,0,0,0,6.3,0.9,1,1,669200.0
5473.0,2,2,1,2.0,0,1,0,5.2,6.3,0,1,551700.0
2081.0,3,3,1,24.0,0,0,0,5.1,18.5,0,1,265400.0
2501.0,3,3,2,26.0,0,0,0,2.3,3.1,0,1,279700.0
4051.0,3,2,1,43.0,0,0,0,5.7,14.5,0,1,378100.0
4664.0,3,3,2,26.0,0,0,0,6.3,2.0,1,0,521000.0
654.0,3,3,1,38.0,0,0,1,7.5,11.2,1,2,306200.0
2423.0,1,1,2,24.0,1,1,0,4.5,24.7,0,2,236200.0
4062.0,3,3,2,23.0,1,1,0,3.8,3.9,0,0,530600.0
3679.0,6,4,2,7.0,0,0,0,4.5,23.1,0,0,333000.0
1432.0,3,2,2,8.0,0,0,0,7.4,7.0,1,0,357500.0
5008.0,4,4,2,45.0,1,1,0,8.3,3.8,1,2,782500.0
3406.0,3,3,1,36.0,1,0,0,7.7,22.7,1,2,377600.0
3090.0,4,4,2,29.0,1,0,0,6.8,0.5,1,0,472600.0
927.0,4,3,1,18.0,0,1,1,5.4,0.5,0,2,318600.0
3910.0,3,3,2,15.0,0,1,0,5.7,9.2,0,0,436300.0
3900.0,6,4,2,23.0,0,0,0,6.0,15.9,1,0,595600.0
4275.0,2,1,1,43.0,0,1,0,5.0,13.9,0,2,423900.0
3654.0,1,1,1,20.0,0,0,0,7.3,0.8,1,2,427300.0
2743.0,4,4,1,35.0,1,0,0,2.2,30.0,0,2,275600.0
1911.0,4,4,2,39.0,1,0,0,2.6,12.1,0,1,236300.0
3791.0,2,1,3,38.0,1,1,0,2.2,29.8,0,1,327800.0
3138.0,3,3,2,46.0,0,1,0,3.9,4.0,0,2,356100.0
4583.0,1,1,2,5.0,1,1,0,8.2,11.8,1,1,507400.0
5147.0,3,2,3,4.0,0,0,0,3.1,19.7,0,0,540300.0
764.0,4,4,1,13.0,0,0,0,3.2,4.8,0,1,153300.0
4877.0,3,3,1,44.0,1,0,0,3.8,33.5,0,2,529000.0
1422.0,3,3,2,41.0,0,0,0,7.7,3.1,1,2,320400.0
1543.0,3,2,2,49.0,0,0,0,8.4,3.8,1,1,376200.0
5025.0,1,1,3,3.0,1,1,0,7.5,25.3,1,1,625000.0
1374.0,3,3,1,7.0,1,1,0,7.7,35.0,1,0,216800.0
2798.0,4,4,1,23.0,0,0,0,8.8,3.4,1,1,463200.0
3756.0,6,4,1,10.0,1,0,0,1.9,1.5,0,1,353000.0
4842.0,4,4,1,16.0,1,0,0,3.1,14.2,0,0,445700.0
4295.0,1,1,1,49.0,0,1,0,4.1,26.5,0,2,358000.0
4052.0,5,4,2,20.0,0,1,0,5.7,9.2,0,2,474000.0
1514.0,4,4,1,25.0,1,1,0,5.7,10.1,0,0,276700.0
1908.0,4,4,2,42.0,0,0,0,5.7,14.4,0,2,273800.0
4777.0,3,3,1,47.0,0,0,0,7.2,1.7,1,1,702100.0
1113.0,3,3,2,43.0,1,1,0,1.7,36.3,0,1,107000.0
2520.0,3,3,1,44.0,0,1,0,5.2,4.5,0,2,366200.0
4194.0,2,1,1,26.0,1,0,0,6.0,9.9,1,0,456100.0
5441.0,2,1,1,15.0,1,0,0,4.8,6.3,0,2,581600.0
2009.0,2,1,3,25.0,0,0,1,5.9,6.3,0,1,252500.0
5402.0,3,3,2,32.0,0,1,0,7.5,12.1,1,2,745900.0
5166.0,4,4,1,30.0,1,1,0,5.6,50.0,0,1,444000.0
3790.0,3,3,1,47.0,0,1,0,9.8,10.8,1,0,572200.0
5091.0,2,1,3,46.0,0,0,0,7.4,15.8,1,1,612400.0
2155.0,6,4,1,5.0,0,0,0,6.0,0.5,1,0,305200.0
1404.0,5,4,1,43.0,1,0,0,6.5,16.6,1,0,276300.0
1879.0,4,4,2,7.0,0,1,1,7.0,3.6,1,0,440100.0
4177.0,6,4,3,6.0,1,0,0,8.9,1.4,1,2,655600.0
3501.0,3,3,1,33.0,1,1,0,7.8,1.2,1,2,506000.0
1987.0,6,4,1,43.0,0,0,1,6.5,11.4,1,2,359200.0
5288.0,2,1,3,13.0,0,1,1,4.0,50.0,0,2,438600.0
3361.0,3,2,1,15.0,0,1,0,6.3,11.0,1,2,485500.0
3279.0,2,2,1,42.0,1,0,0,6.7,3.0,1,0,434600.0
2706.0,2,2,2,8.0,1,1,0,7.1,2.3,1,2,446900.0
4823.0,2,1,3,9.0,0,0,0,4.0,7.5,0,2,405500.0
5431.0,4,4,1,16.0,1,0,0,7.0,0.7,1,0,638600.0
3368.0,4,4,3,11.0,0,0,0,7.1,5.1,1,1,496300.0
4553.0,3,3,2,5.0,1,1,1,3.1,11.0,0,1,594000.0
3786.0,2,2,1,18.0,0,1,0,3.1,34.3,0,2,261400.0
3880.0,4,4,3,42.0,0,0,0,7.7,5.5,1,1,456500.0
3173.0,4,3,1,40.0,0,1,0,3.8,2.2,0,2,467800.0
5216.0,3,3,1,28.0,0,1,0,8.6,17.0,1,0,538200.0
3199.0,4,4,2,5.0,0,1,0,4.9,13.6,0,0,323700.0
4633.0,3,2,1,24.0,1,0,0,6.3,19.6,1,2,466200.0
836.0,3,3,1,23.0,1,0,0,6.2,2.4,1,0,223500.0
1904.0,5,4,1,24.0,0,1,0,4.1,5.2,0,1,332000.0
4030.0,3,2,1,15.0,1,0,0,8.3,39.9,1,1,481300.0
1901.0,3,3,2,15.0,0,0,0,4.9,1.7,0,2,279300.0
3141.0,5,4,2,5.0,1,1,0,5.6,11.1,0,0,432700.0
2651.0,4,4,3,36.0,1,0,0,1.5,2.7,0,0,349700.0
1041.0,2,1,1,20.0,1,1,0,2.8,6.9,0,1,181000.0
2676.0,2,2,1,3.0,0,0,0,7.8,16.1,1,1,329200.0
3780.0,1,1,1,33.0,0,1,0,5.5,6.7,0,1,359400.0
3257.0,4,3,1,27.0,0,0,0,4.3,16.4,0,2,458100.0
4398.0,3,3,1,37.0,0,0,0,4.4,5.6,0,1,449000.0
1404.0,2,2,2,40.0,1,0,0,6.6,50.0,1,2,199400.0
674.0,6,4,3,27.0,1,1,1,8.0,5.7,1,0,371000.0
2775.0,3,2,3,16.0,0,1,0,4.4,1.6,0,1,428100.0
4524.0,2,2,1,13.0,0,0,0,7.7,5.1,1,2,588400.0
2689.0,3,2,3,6.0,1,0,0,5.2,13.6,0,1,376500.0
640.0,4,4,1,21.0,0,1,0,6.5,18.8,1,0,216500.0
2681.0,2,2,1,50.0,1,0,0,1.9,6.2,0,2,230000.0
5283.0,3,3,3,0.0,1,1,0,2.3,9.0,0,1,551300.0
2222.0,4,4,2,28.0,0,0,0,7.1,18.6,1,2,334300.0
941.0,3,2,1,30.0,1,1,0,6.0,16.8,1,0,200100.0
4652.0,3,3,1,29.0,1,1,1,6.3,10.7,1,1,558700.0
2674.0,3,2,1,14.0,1,1,0,3.3,16.9,0,2,321000.0
1245.0,1,1,2,17.0,1,1,0,4.7,8.6,0,1,236900.0
5426.0,2,2,1,34.0,0,0,0,2.2,0.5,0,0,487100.0
4863.0,3,3,3,49.0,0,0,0,3.8,0.5,0,0,565100.0
1209.0,2,2,1,29.0,0,1,0,5.5,39.0,0,0,128300.0
1054.0,1,1,1,33.0,0,0,0,6.2,1.6,1,1,211700.0
3553.0,4,4,1,41.0,1,1,0,4.1,5.2,0,1,564400.0
2308.0,6,4,2,10.0,1,1,0,6.6,27.2,1,0,322200.0
4072.0,4,4,1,26.0,1,0,0,5.4,2.2,0,0,476300.0
3569.0,5,4,2,23.0,1,0,0,5.0,18.6,0,1,343900.0
3628.0,2,2,3,34.0,1,0,0,5.7,17.1,0,1,425200.0
5397.0,6,4,3,38.0,0,0,0,9.7,42.9,1,1,609900.0
3281.0,2,1,2,7.0,0,0,0,5.2,3.3,0,1,402200.0
4229.0,6,4,3,50.0,1,0,0,7.4,3.8,1,2,519200.0
4825.0,6,4,2,17.0,0,0,0,6.6,23.3,1,0,506000.0
3667.0,4,4,2,12.0,1,0,1,5.0,2.7,0,1,531400.0
1986.0,6,4,1,44.0,0,0,0,2.4,7.9,0,1,215500.0
4376.0,3,3,1,23.0,0,0,0,4.2,12.3,0,0,493800.0
3466.0,3,3,1,50.0,1,0,1,5.7,3.2,0,1,385600.0
5388.0,3,3,1,22.0,1,1,0,5.3,27.9,0,2,536200.0
3963.0,3,3,1,11.0,0,0,0,8.1,11.0,1,0,478200.0
5489.0,2,2,3,48.0,0,0,0,4.0,0.5,0,0,509000.0
4724.0,4,3,1,29.0,0,1,0,5.2,1.5,0,1,434800.0
748.0,6,4,1,30.0,0,1,0,6.6,2.1,1,1,277900.0
4450.0,2,1,2,27.0,0,0,0,4.9,2.8,0,1,401500.0
2658.0,4,4,1,21.0,1,0,1,7.4,13.1,1,1,462900.0
1736.0,5,4,1,43.0,1,0,0,3.3,0.9,0,2,260500.0
786.0,5,4,1,27.0,1,0,0,2.5,4.3,0,0,187400.0
3454.0,6,4,1,12.0,1,1,0,4.9,24.2,0,0,332900.0
1850.0,3,2,1,24.0,1,1,0,5.4,8.1,0,0,320400.0
1933.0,6,4,2,43.0,0,1,0,5.9,3.1,0,1,396800.0
4793.0,4,4,2,50.0,0,0,0,5.8,31.5,0,1,443600.0
4750.0,2,1,1,45.0,1,1,0,4.7,2.8,0,2,663500.0
3311.0,3,3,1,6.0,0,0,0,2.5,23.5,0,1,351800.0
5453.0,4,3,1,44.0,1,0,0,5.3,12.9,0,1,545700.0
5101.0,2,2,2,5.0,1,0,0,3.4,13.5,0,0,476700.0
2385.0,4,3,1,23.0,0,0,1,5.6,14.5,0,1,327100.0
1350.0,4,4,1,18.0,0,0,0,3.3,7.1,0,0,209300.0
2362.0,2,2,2,18.0,1,1,0,6.3,16.9,1,2,346100.0
4520.0,3,2,1,35.0,1,0,0,8.8,18.1,1,1,530900.0
5060.0,4,3,1,50.0,0,0,0,4.0,4.5,0,0,418700.0
1081.0,3,2,1,8.0,1,0,0,3.0,5.1,0,1,232900.0
753.0,1,1,3,47.0,1,0,0,7.8,22.0,1,0,198100.0
2124.0,1,1,3,35.0,0,1,0,9.0,7.4,1,1,439100.0
2720.0,3,3,2,37.0,1,1,0,3.0,20.2,0,0,309600.0
2943.0,5,4,1,39.0,1,1,0,5.3,9.9,0,1,454600.0
1840.0,2,2,2,28.0,1,0,0,6.5,9.0,1,1,262000.0
660.0,4,4,3,23.0,0,1,0,5.0,0.5,0,1,267200.0
1538.0,2,2,3,47.0,0,1,0,2.0,3.3,0,1,156400.0
2239.0,3,3,1,4.0,1,0,0,2.8,7.0,0,0,259600.0
4720.0,4,4,2,41.0,1,0,0,3.0,8.9,0,1,647200.0
4826.0,4,3,1,44.0,1,1,1,3.4,10.0,0,1,513600.0
4169.0,2,2,1,25.0,1,0,0,5.7,12.6,0,1,454600.0
1852.0,3,3,2,13.0,1,0,0,7.7,10.7,1,2,395300.0
4803.0,1,1,1,38.0,0,0,0,2.8,18.9,0,0,385200.0
771.0,3,2,3,28.0,1,0,0,3.9,3.5,0,1,175200.0
2058.0,4,3,1,5.0,1,0,0,3.3,10.3,0,1,258200.0
4149.0,2,1,2,6.0,1,0,0,6.1,0.5,1,1,562000.0
4797.0,3,3,3,36.0,1,1,0,3.9,6.5,0,2,555100.0
2922.0,3,3,3,17.0,1,0,0,3.5,3.1,0,0,418600.0
2236.0,5,4,1,22.0,1,1,0,2.3,4.8,0,2,348600.0
3715.0,6,4,1,43.0,0,0,0,8.2,4.4,1,0,517100.0
4690.0,1,1,2,37.0,0,1,0,9.9,0.6,1,1,587200.0
3604.0,4,4,1,0.0,1,1,0,5.7,6.3,0,1,501900.0
929.0,3,3,3,3.0,0,1,0,8.5,50.0,1,0,198800.0
4240.0,3,2,3,50.0,1,1,0,4.4,3.6,0,2,463900.0
4494.0,4,3,1,43.0,1,1,0,5.5,13.3,0,0,523600.0
4707.0,5,4,1,46.0,0,1,1,6.8,7.9,1,2,715900.0
1941.0,6,4,1,34.0,1,0,0,4.0,3.9,0,1,253500.0
4263.0,3,3,3,22.0,0,0,0,5.2,0.9,0,1,657100.0
815.0,3,3,1,26.0,0,1,0,4.9,2.4,0,2,236800.0
938.0,4,3,1,25.0,0,0,0,6.4,15.2,1,1,236000.0
4662.0,3,3,1,7.0,0,1,0,5.6,3.3,0,0,474600.0
3308.0,3,2,2,42.0,1,1,0,4.0,1.6,0,2,369500.0
3752.0,3,3,1,15.0,0,0,0,4.9,4.0,0,0,468400.0
2350.0,4,3,1,40.0,0,1,0,7.7,8.8,1,1,385900.0
3021.0,2,2,3,2.0,0,0,0,6.6,12.2,1,2,353500.0
1309.0,2,1,3,31.0,1,0,0,6.4,4.9,1,1,242000.0
4326.0,5,4,2,4.0,0,0,1,10.0,6.9,1,0,602900.0
4242.0,2,1,1,19.0,1,0,0,3.2,6.1,0,0,378000.0
4593.0,3,3,1,13.0,0,0,0,6.9,0.5,1,0,576200.0
1088.0,2,2,2,31.0,1,0,0,5.6,5.0,0,1,203100.0
646.0,1,1,1,25.0,0,0,0,6.2,8.9,1,0,173900.0
3959.0,1,1,3,46.0,1,1,0,5.9,8.4,0,2,371500.0
5473.0,2,1,2,5.0,1,1,0,4.1,13.9,0,1,616500.0
5406.0,5,4,1,35.0,1,0,0,3.4,11.1,0,2,769600.0
1000.0,3,2,3,39.0,1,0,0,5.5,3.2,0,2,267700.0
4590.0,6,4,3,50.0,1,1,0,3.9,3.0,0,2,516800.0
3757.0,3,3,1,4.0,1,1,0,4.8,6.2,0,0,435500.0
4945.0,3,3,2,12.0,0,0,0,7.1,13.2,1,1,497300.0
990.0,3,2,1,31.0,0,0,0,3.0,1.0,0,1,191900.0
4453.0,3,3,1,15.0,0,1,0,5.1,29.6,0,0,450700.0
5030.0,4,4,1,0.0,1,1,0,7.6,7.8,1,1,507800.0
1228.0,3,3,2,12.0,1,0,1,4.5,3.7,0,2,253800.0
4832.0,3,2,3,10.0,1,0,0,8.4,11.8,1,0,474500.0
3530.0,5,4,2,7.0,0,0,0,2.4,0.5,0,0,465800.0
2121.0,5,4,1,24.0,0,1,0,9.1,6.6,1,0,364000.0
1426.0,5,4,2,39.0,1,0,0,5.5,6.7,0,2,330200.0
5422.0,3,3,1,31.0,1,0,0,2.8,1.8,0,2,514900.0
2100.0,4,4,3,23.0,0,0,0,7.2,18.2,1,0,385100.0
3894.0,3,2,1,27.0,0,1,0,6.4,15.9,1,1,433600.0
3019.0,3,2,1,13.0,0,1,1,8.3,1.7,1,2,561700.0
1534.0,2,1,1,44.0,0,1,0,2.4,4.5,0,1,157000.0
3642.0,3,3,2,2.0,1,1,1,3.3,1.1,0,1,453600.0
5097.0,2,1,1,35.0,1,0,0,7.0,18.9,1,0,491100.0
2066.0,3,3,2,26.0,1,1,0,10.0,3.9,1,1,477100.0
4161.0,5,4,1,19.0,1,0,0,6.7,5.8,1,1,479300.0
1214.0,2,1,1,46.0,1,1,0,7.0,3.9,1,2,241600.0
1782.0,2,2,1,14.0,1,0,0,4.0,3.7,0,0,251300.0
3823.0,2,2,3,26.0,1,0,0,5.1,13.8,0,0,447800.0
3267.0,5,4,3,44.0,1,0,0,4.3,13.8,0,1,388700.0
730.0,3,3,1,40.0,1,1,0,6.5,7.3,1,1,250400.0
3583.0,3,2,1,27.0,1,1,0,7.4,10.7,1,2,431900.0
4878.0,4,4,1,24.0,1,0,0,5.9,7.2,0,2,644600.0
5059.0,4,3,2,41.0,0,0,0,7.1,0.5,1,0,648400.0
638.0,3,3,1,43.0,0,1,0,5.4,0.7,0,2,190100.0
4559.0,4,4,3,45.0,1,0,0,8.1,4.8,1,0,647000.0
4187.0,4,3,3,32.0,1,1,1,3.8,13.9,0,1,444900.0
1520.0,4,4,1,45.0,1,1,0,8.3,24.4,1,2,315000.0
3369.0,2,2,1,13.0,0,0,1,4.1,0.5,0,0,381700.0
4711.0,5,4,3,7.0,1,0,0,5.5,4.6,0,0,614000.0
1092.0,3,3,2,47.0,1,0,0,3.1,2.5,0,1,196200.0
1731.0,3,3,1,13.0,0,0,0,6.5,16.9,1,1,260700.0
4121.0,3,3,1,0.0,1,0,0,5.8,18.7,0,1,388100.0
910.0,1,1,1,15.0,1,0,0,7.0,2.3,1,1,233800.0
1338.0,2,2,1,17.0,1,0,1,2.0,12.4,0,2,246300.0
3841.0,4,4,1,6.0,1,1,0,5.8,13.2,0,2,518000.0
1145.0,1,1,1,14.0,1,1,1,6.3,1.9,1,2,247000.0
3061.0,3,3,2,23.0,0,0,0,3.5,5.7,0,1,351100.0
4946.0,3,2,1,48.0,1,0,0,6.6,9.7,1,0,608800.0
5454.0,2,2,1,50.0,0,0,0,1.0,0.5,0,0,445900.0
2404.0,6,4,1,12.0,1,0,0,5.2,5.2,0,1,344800.0
3812.0,2,2,2,8.0,1,1,0,8.3,1.7,1,2,663800.0
4410.0,3,2,3,14.0,1,0,1,5.2,7.8,0,2,488000.0
1413.0,3,3,1,34.0,1,1,0,4.1,18.5,0,0,202700.0
4724.0,2,1,1,23.0,1,0,1,5.4,7.4,0,0,492000.0
2632.0,1,1,3,32.0,1,1,0,5.7,0.5,0,0,389600.0
5172.0,4,4,1,15.0,0,0,0,7.3,0.5,1,0,666300.0
5013.0,6,4,1,7.0,1,1,0,5.8,9.3,0,1,547700.0
844.0,2,2,1,28.0,1,1,0,7.0,4.0,1,2,234600.0
5443.0,4,3,1,22.0,1,1,0,5.7,8.5,0,1,618300.0
5392.0,4,4,1,44.0,1,1,1,4.0,1.8,0,1,641000.0
871.0,4,4,3,30.0,1,0,1,2.7,15.0,0,1,221500.0
4111.0,3,2,2,39.0,1,1,0,6.2,19.7,1,0,444000.0
2371.0,3,3,1,48.0,1,0,0,1.0,22.0,0,2,180100.0
1862.0,3,2,3,13.0,1,0,0,2.0,3.6,0,1,323300.0
3024.0,4,3,1,29.0,0,0,0,2.7,10.8,0,0,342700.0
4961.0,4,4,1,38.0,1,1,0,6.9,3.3,1,1,611900.0
1520.0,2,1,2,26.0,1,1,0,2.5,14.4,0,1,210900.0
4030.0,3,3,2,46.0,0,1,0,6.4,1.3,1,0,483400.0
5035.0,5,4,1,15.0,0,1,0,3.4,14.4,0,0,472800.0
5084.0,4,4,1,50.0,0,0,0,5.2,5.8,0,1,564300.0
3224.0,6,4,2,5.0,1,1,0,5.4,19.3,0,0,451300.0
4360.0,4,3,2,32.0,0,1,0,5.2,13.4,0,0,578400.0
2650.0,3,2,2,43.0,0,0,0,4.2,4.7,0,1,287500.0
4100.0,3,3,1,17.0,1,0,0,2.4,23.4,0,1,345000.0
1765.0,4,4,1,15.0,0,1,1,5.6,3.3,0,1,460500.0
975.0,2,1,1,11.0,1,1,0,6.6,34.1,1,2,212200.0
2633.0,3,3,1,19.0,0,1,0,6.9,14.6,1,1,406000.0
745.0,4,4,3,44.0,0,1,0,5.7,46.8,0,1,124800.0
4988.0,2,2,1,39.0,0,1,0,6.0,0.6,1,2,582100.0
1031.0,4,3,1,28.0,0,1,0,4.0,3.2,0,1,184300.0
1304.0,3,3,2,29.0,1,1,0,6.4,13.5,1,0,258600.0
3232.0,6,4,1,25.0,1,1,0,6.3,25.5,1,1,372700.0
5094.0,1,1,1,21.0,0,0,1,4.9,0.5,0,1,503600.0
1563.0,3,3,2,32.0,0,1,0,5.6,0.5,0,1,252800.0
2834.0,4,4,3,38.0,0,0,1,5.4,3.0,0,2,485400.0
2641.0,3,2,2,46.0,0,1,1,6.4,19.2,1,1,453800.0
2428.0,4,4,1,28.0,0,0,0,2.4,14.6,0,2,313400.0
2708.0,4,3,2,21.0,0,0,0,2.4,4.2,0,0,349400.0
4668.0,2,1,2,44.0,1,0,0,2.5,0.5,0,1,432800.0
1538.0,3,2,1,12.0,1,1,0,4.6,8.1,0,2,277200.0
5405.0,3,2,1,8.0,0,0,1,6.4,2.7,1,0,558000.0
1406.0,3,2,3,23.0,1,0,0,1.0,13.7,0,0,144200.0
2063.0,5,4,1,14.0,1,0,0,5.7,5.9,0,1,297800.0
4015.0,4,4,2,35.0,1,0,0,7.9,11.4,1,2,462600.0
610.0,4,4,1,12.0,0,0,1,6.0,19.1,1,0,257000.0
2468.0,4,4,1,26.0,0,0,0,1.5,7.7,0,1,307200.0
5467.0,3,2,1,43.0,0,0,1,6.5,4.1,1,0,549100.0
1484.0,5,4,2,36.0,1,0,0,6.0,14.7,1,1,308700.0
4164.0,4,3,1,6.0,0,0,0,4.8,3.1,0,2,565100.0
1989.0,4,4,2,7.0,0,0,0,5.9,22.2,0,0,298700.0
4001.0,5,4,2,36.0,1,1,0,2.7,0.7,0,0,429100.0
4921.0,3,3,2,40.0,1,0,0,5.6,18.0,0,1,492600.0
1424.0,4,3,3,13.0,1,0,0,6.5,1.0,1,1,404300.0
2865.0,2,2,2,11.0,0,0,0,4.1,0.6,0,0,349800.0
1536.0,3,3,1,35.0,0,0,0,4.6,4.5,0,1,304600.0
3400.0,3,3,3,39.0,1,0,0,4.4,31.4,0,2,329800.0
3153.0,6,4,2,16.0,0,0,0,4.5,41.0,0,1,319300.0
4445.0,5,4,1,39.0,1,1,0,3.8,2.3,0,1,429000.0
2396.0,4,4,1,28.0,1,1,0,4.0,1.6,0,1,404400.0
653.0,4,3,2,26.0,1,0,0,6.5,4.4,1,1,257300.0
1326.0,3,2,1,0.0,1,1,1,2.0,4.1,0,0,227300.0
3336.0,5,4,2,33.0,1,0,0,5.9,14.3,0,1,421000.0
3770.0,3,3,1,3.0,1,1,0,6.5,5.9,1,2,546500.0
2513.0,3,3,1,23.0,1,0,1,2.8,15.1,0,0,288500.0
2196.0,2,1,2,20.0,1,1,1,5.3,13.8,0,1,353500.0
2514.0,4,4,1,32.0,0,0,0,3.7,8.6,0,0,344100.0
3066.0,4,3,1,6.0,1,1,0,7.8,17.9,1,1,429600.0
3337.0,3,3,2,0.0,1,0,0,5.1,2.2,0,1,352800.0
1449.0,1,1,1,40.0,0,0,0,8.4,1.8,1,1,265700.0
2709.0,4,4,2,2.0,1,1,0,8.1,13.9,1,1,437000.0
602.0,1,1,2,43.0,0,0,0,6.1,2.8,1,0,140000.0
4855.0,4,4,2,50.0,0,1,0,9.8,0.5,1,2,699600.0
4669.0,6,4,1,14.0,1,1,1,2.4,24.3,0,1,560900.0
5476.0,3,2,1,30.0,0,0,0,8.4,9.8,1,0,622700.0
1492.0,2,2,2,15.0,0,0,0,5.0,5.9,0,2,241400.0
2630.0,4,3,3,9.0,0,0,1,5.2,12.9,0,0,409100.0
3760.0,4,3,2,28.0,0,1,0,4.6,4.1,0,1,419500.0
2976.0,3,3,2,5.0,1,0,0,2.6,30.7,0,1,330200.0
5275.0,6,4,1,28.0,0,0,0,6.6,0.7,1,1,603200.0
2533.0,2,1,1,16.0,1,1,0,3.0,10.2,0,0,272800.0
1980.0,3,2,1,21.0,1,0,0,4.3,15.0,0,1,255200.0
4281.0,4,3,1,23.0,1,1,0,4.4,6.3,0,0,682900.0
1890.0,5,4,1,16.0,1,1,0,7.5,14.1,1,1,329200.0
2240.0,2,1,3,20.0,1,0,1,5.4,26.2,0,1,296200.0
3282.0,4,4,1,50.0,0,0,0,1.0,13.6,0,1,244400.0
1587.0,3,3,1,49.0,0,1,0,3.7,3.7,0,2,244300.0
1818.0,3,2,1,10.0,1,0,0,2.4,8.3,0,2,295800.0
1955.0,2,2,3,6.0,0,0,0,6.5,24.3,1,1,283800.0
4865.0,5,4,2,41.0,0,0,0,3.1,6.0,0,1,471800.0
5216.0,2,2,2,38.0,1,1,0,4.3,11.4,0,0,517000.0
4735.0,3,3,3,4.0,1,1,0,9.0,6.3,1,2,738400.0
2160.0,3,2,1,43.0,0,0,0,6.8,1.3,1,2,391200.0
2018.0,5,4,2,47.0,0,0,0,3.2,0.6,0,0,251800.0
1554.0,4,4,1,20.0,0,1,0,7.2,30.4,1,1,297700.0
1583.0,4,4,1,17.0,0,1,0,4.1,9.5,0,2,271700.0
1574.0,3,2,2,34.0,1,0,0,7.1,1.1,1,0,369300.0
4733.0,4,4,2,19.0,1,0,0,4.7,19.5,0,1,663600.0
4572.0,3,2,1,14.0,0,1,0,3.6,7.4,0,1,578600.0
1513.0,4,4,1,4.0,1,1,0,3.4,14.8,0,1,231900.0
5149.0,5,4,2,12.0,0,1,0,6.1,1.4,1,0,570500.0
636.0,1,1,1,50.0,0,1,0,7.3,23.7,1,0,157700.0
3987.0,4,4,1,11.0,0,1,0,6.2,8.9,1,0,501200.0
2311.0,2,2,1,20.0,0,0,1,4.6,13.4,0,2,290600.0
3620.0,3,3,1,36.0,1,1,0,1.9,0.5,0,1,330200.0
1395.0,3,2,2,5.0,0,1,0,4.2,3.8,0,1,262000.0
4636.0,3,3,1,6.0,0,1,0,3.0,3.1,0,1,473700.0
5288.0,3,2,1,25.0,0,0,0,8.2,29.9,1,0,567300.0
3711.0,4,4,2,41.0,0,0,0,4.7,2.0,0,2,466100.0
1924.0,3,3,3,47.0,1,1,0,6.1,12.3,1,2,282200.0
917.0,4,4,1,7.0,0,0,1,4.8,0.5,0,1,260600.0
2996.0,3,3,1,8.0,0,0,0,6.4,2.2,1,1,475400.0
2762.0,2,2,1,26.0,1,1,0,6.9,4.1,1,1,453100.0
3345.0,4,3,2,3.0,0,0,0,10.0,15.8,1,1,485100.0
2191.0,3,2,2,20.0,0,1,0,4.6,15.6,0,0,287000.0
3711.0,3,3,2,30.0,0,1,0,7.6,30.5,1,1,382800.0
4530.0,4,3,3,20.0,1,0,0,6.1,24.9,1,2,523600.0
2596.0,3,2,2,39.0,0,1,0,4.3,0.9,0,0,373400.0
1912.0,2,1,2,24.0,0,1,0,4.5,17.7,0,1,281500.0
1885.0,3,3,1,38.0,1,0,0,6.4,6.0,1,0,308900.0
4911.0,5,4,1,14.0,1,0,0,4.9,20.1,0,0,512500.0
2983.0,4,4,3,34.0,1,1,0,5.7,0.9,0,1,374700.0
3839.0,4,3,1,48.0,0,0,0,6.8,17.3,1,0,402700.0
2739.0,4,4,1,42.0,0,0,0,10.0,1.7,1,2,467400.0
2304.0,2,2,2,40.0,1,0,0,5.6,4.1,0,1,317100.0
962.0,3,3,1,36.0,1,0,0,3.2,0.5,0,0,176600.0
3204.0,4,4,2,41.0,1,0,0,6.3,1.3,1,1,528600.0
2316.0,2,1,2,46.0,0,1,0,4.5,5.9,0,2,298900.0
5051.0,3,3,1,27.0,1,1,1,9.3,17.1,1,0,637200.0
4886.0,3,3,2,13.0,1,0,0,4.5,14.9,0,1,568300.0
4338.0,3,2,1,3.0,1,0,0,5.5,2.7,0,2,520300.0
3069.0,6,4,1,19.0,0,1,1,6.7,1.6,1,0,606100.0
5395.0,2,1,2,33.0,1,0,0,6.5,4.9,1,2,536400.0
1156.0,3,2,2,11.0,1,1,0,8.3,21.5,1,0,291400.0
1425.0,2,1,2,32.0,0,1,0,6.8,1.0,1,0,204300.0
3408.0,6,4,1,23.0,1,1,0,10.0,7.8,1,1,533400.0
5121.0,2,2,2,19.0,1,0,0,6.4,0.9,1,0,601200.0
3319.0,3,2,1,4.0,0,0,0,8.1,6.4,1,1,446200.0
4108.0,4,3,3,37.0,1,0,0,4.6,1.4,0,1,431400.0
4341.0,4,3,1,29.0,0,0,1,9.4,0.8,1,0,565900.0
2174.0,3,3,2,23.0,1,0,0,4.8,2.1,0,2,302200.0
4598.0,3,3,1,42.0,0,1,0,8.5,2.9,1,1,565800.0
2729.0,3,3,1,39.0,1,1,0,7.3,3.2,1,1,459000.0
3003.0,3,3,1,6.0,0,1,0,5.6,10.4,0,1,379800.0
3929.0,2,2,3,35.0,1,1,1,8.5,0.6,1,0,706900.0
1188.0,3,2,2,37.0,1,0,0,5.5,0.8,0,1,258300.0
2612.0,3,3,3,15.0,0,1,0,8.2,2.1,1,2,346400.0
2147.0,3,3,1,14.0,0,0,1,6.3,20.6,1,0,354100.0
894.0,4,4,1,45.0,1,0,0,4.7,9.9,0,1,205100.0
2585.0,6,4,1,22.0,0,0,0,6.1,13.1,1,1,450100.0
3717.0,4,4,2,11.0,1,1,0,5.6,4.6,0,1,507800.0
2290.0,2,2,1,28.0,0,1,0,4.6,2.4,0,2,300200.0
1736.0,2,2,3,43.0,1,0,0,6.0,0.5,1,0,379900.0
2664.0,6,4,3,47.0,0,0,0,6.3,6.7,1,0,303500.0
5055.0,3,2,3,14.0,1,0,0,1.0,8.5,0,0,463000.0
5395.0,2,1,2,28.0,1,0,0,6.5,22.7,1,1,563900.0
5143.0,3,3,2,44.0,1,0,1,7.0,21.4,1,0,563400.0
5370.0,4,4,2,42.0,1,1,0,8.4,5.5,1,2,507400.0
1607.0,4,3,1,48.0,0,1,0,3.0,5.5,0,1,235300.0
3114.0,3,3,2,20.0,0,0,0,3.5,1.8,0,0,351200.0
4126.0,1,1,1,14.0,0,1,0,5.9,3.0,0,1,456000.0
5281.0,6,4,1,13.0,1,0,0,4.1,26.0,0,1,630600.0
1847.0,3,2,1,41.0,1,1,1,3.1,1.5,0,0,300600.0
4502.0,4,4,1,43.0,0,0,0,4.7,34.6,0,0,383100.0
2035.0,4,4,1,15.0,0,1,1,4.8,7.0,0,0,376700.0
1171.0,4,3,1,14.0,1,1,0,3.5,6.1,0,0,221400.0
2982.0,3,3,2,41.0,0,1,0,3.5,1.9,0,2,352700.0
1845.0,3,3,1,3.0,0,0,0,5.3,10.8,0,1,315900.0
2684.0,3,2,2,26.0,0,1,0,2.6,6.2,0,2,290900.0
877.0,5,4,1,22.0,1,0,0,2.6,4.6,0,2,227200.0
2487.0,5,4,2,28.0,1,0,0,5.6,3.1,0,0,381800.0
5179.0,2,2,2,40.0,1,0,0,8.5,0.7,1,2,590300.0
1865.0,2,2,2,8.0,1,1,0,7.0,7.3,1,0,322800.0
5426.0,5,4,2,42.0,1,1,0,7.9,3.8,1,0,624500.0
1640.0,4,4,1,42.0,1,0,0,1.9,12.3,0,1,214300.0
1517.0,5,4,2,6.0,0,0,0,2.7,12.9,0,1,238800.0
1485.0,2,1,1,41.0,1,1,0,5.5,4.0,0,1,284100.0
3352.0,3,3,1,3.0,1,0,0,7.2,11.1,1,1,416900.0
621.0,4,4,2,4.0,0,0,0,6.8,3.0,1,2,299700.0
5169.0,4,4,1,4.0,0,0,0,2.8,13.0,0,1,596100.0
3791.0,3,2,2,10.0,0,1,0,7.8,0.5,1,1,635700.0
2953.0,1,1,2,40.0,1,0,0,5.3,1.6,0,1,321900.0
5399.0,3,3,1,27.0,0,1,0,7.1,2.8,1,1,702000.0
1286.0,3,3,1,15.0,0,0,0,4.3,14.8,0,0,206300.0
884.0,3,3,1,40.0,1,0,0,2.4,0.7,0,2,199500.0
5411.0,6,4,3,29.0,0,0,0,7.2,2.1,1,1,621900.0
4347.0,3,2,2,3.0,1,0,1,6.4,4.4,1,1,578400.0
1362.0,4,4,1,1.0,1,0,0,3.0,0.5,0,2,265800.0
3028.0,2,2,1,45.0,1,0,0,4.2,14.4,0,2,305400.0
3107.0,4,4,2,2.0,1,1,0,6.9,8.2,1,0,486000.0
628.0,6,4,2,49.0,1,0,0,5.9,23.1,0,0,247500.0
1506.0,2,2,1,20.0,0,1,0,6.5,0.5,1,2,324300.0
3704.0,1,1,1,5.0,1,1,1,4.5,3.2,0,2,452400.0
4599.0,3,3,3,42.0,0,1,1,8.3,13.1,1,1,583800.0
3594.0,2,2,1,17.0,0,1,0,5.3,11.2,0,1,434800.0
3106.0,4,4,1,43.0,1,0,0,1.0,2.8,0,1,328600.0
5265.0,5,4,3,4.0,1,0,0,5.7,9.1,0,0,617000.0
4209.0,3,3,2,8.0,0,1,0,6.7,15.8,1,2,452000.0
4153.0,3,3,1,19.0,0,1,0,6.1,0.5,1,1,516700.0
2053.0,3,3,1,27.0,1,1,0,4.6,12.6,0,2,209800.0
5433.0,4,4,1,25.0,1,1,0,1.6,2.9,0,1,438900.0
3956.0,1,1,1,17.0,0,1,0,4.2,29.5,0,2,341700.0
1115.0,3,2,3,18.0,1,0,0,4.4,7.7,0,1,252300.0
638.0,4,3,1,2.0,0,1,0,4.2,0.5,0,2,267100.0
3942.0,4,3,2,8.0,0,0,0,6.7,5.2,1,2,549800.0
1486.0,2,1,3,35.0,1,0,0,4.8,33.9,0,1,182500.0
3444.0,4,3,1,30.0,1,0,0,8.3,13.1,1,1,481600.0
2804.0,2,1,1,48.0,1,0,0,5.0,3.6,0,0,352100.0
1698.0,2,2,2,16.0,0,0,1,7.9,8.6,1,1,366900.0
2423.0,5,4,3,22.0,1,1,1,5.9,9.1,0,2,475000.0
3801.0,4,4,2,33.0,1,1,0,6.0,0.5,1,0,420300.0
3755.0,1,1,1,40.0,0,1,0,4.1,2.0,0,2,401500.0
3693.0,2,1,2,40.0,1,0,0,2.8,8.0,0,1,363900.0
4130.0,2,2,2,4.0,1,1,0,5.4,5.2,0,0,471600.0
4378.0,3,3,3,14.0,0,0,0,8.9,2.1,1,0,567700.0
3496.0,2,1,1,46.0,1,1,0,4.6,14.8,0,1,300400.0
4053.0,2,2,2,2.0,0,0,0,4.3,6.7,0,0,472000.0
4111.0,3,3,3,18.0,0,0,0,5.2,3.7,0,2,515000.0
1588.0,4,3,1,27.0,1,0,0,9.0,1.8,1,1,373000.0
4716.0,4,3,1,2.0,1,1,0,7.1,9.4,1,1,613500.0
4626.0,4,4,1,37.0,1,0,1,7.9,11.0,1,0,517200.0
4779.0,2,2,1,3.0,0,0,0,1.5,11.1,0,1,527300.0
2282.0,6,4,1,23.0,1,0,0,3.9,2.5,0,1,395300.0
5265.0,4,3,3,30.0,0,0,0,3.9,9.0,0,0,583300.0
4563.0,4,4,1,44.0,0,1,1,7.8,23.6,1,1,665900.0
1533.0,4,4,1,44.0,1,0,0,6.8,4.4,1,2,332000.0
4198.0,5,4,2,10.0,0,0,0,7.6,2.4,1,0,555200.0
3833.0,3,3,1,36.0,1,0,0,1.7,14.8,0,1,374300.0
2580.0,2,1,1,0.0,0,0,0,7.7,1.9,1,2,471200.0
2455.0,4,4,2,8.0,0,0,0,6.8,2.9,1,0,368800.0
3656.0,4,3,3,16.0,1,1,0,3.7,1.1,0,2,565500.0
1392.0,4,4,2,0.0,1,0,0,5.1,3.1,0,1,265100.0
1391.0,3,2,2,2.0,0,0,0,3.7,5.3,0,0,245800.0
2409.0,2,1,1,46.0,0,0,0,5.3,0.7,0,0,322400.0
2855.0,3,3,3,25.0,0,0,0,6.4,20.5,1,0,399000.0
4210.0,5,4,1,30.0,1,0,0,8.3,7.2,1,0,636200.0
2207.0,3,3,2,25.0,1,0,0,3.6,8.9,0,0,289600.0
1584.0,3,2,1,22.0,1,0,0,4.6,4.6,0,1,219800.0
4276.0,3,3,3,29.0,0,0,0,3.3,11.1,0,0,496100.0
3980.0,3,2,2,9.0,1,1,0,7.0,5.7,1,1,647500.0
1119.0,5,4,2,7.0,1,1,0,2.3,14.3,0,2,229900.0
1190.0,4,3,1,43.0,0,1,0,5.9,17.2,0,2,242300.0
1650.0,4,3,1,24.0,1,0,0,3.0,11.1,0,1,214400.0
4233.0,3,3,2,21.0,1,1,0,5.6,6.8,0,2,466100.0
5044.0,4,4,2,14.0,1,1,0,7.8,15.2,1,0,635800.0
1559.0,2,2,1,40.0,0,1,0,4.5,6.8,0,0,197800.0
1292.0,4,3,3,9.0,1,0,0,5.9,1.2,0,0,316000.0
4499.0,3,2,3,19.0,1,0,0,3.7,1.2,0,2,700000.0
5073.0,3,2,1,40.0,1,0,0,5.3,29.7,0,2,439300.0
3546.0,4,4,2,46.0,0,0,0,2.4,2.4,0,1,406100.0
1126.0,5,4,2,22.0,0,0,0,6.9,16.9,1,1,218100.0
3824.0,2,1,1,0.0,1,1,0,4.7,2.8,0,1,480900.0
2853.0,4,4,1,1.0,1,1,0,5.1,5.6,0,0,384700.0
3944.0,3,3,2,18.0,0,0,0,5.6,10.6,0,1,477600.0
4565.0,3,2,2,13.0,0,0,0,1.6,1.7,0,1,467800.0
2475.0,1,1,1,7.0,0,0,0,4.1,13.4,0,0,267100.0
2363.0,3,3,2,37.0,0,0,0,5.8,11.7,0,0,278800.0
1120.0,3,3,2,11.0,0,0,0,5.2,7.8,0,2,238500.0
1616.0,2,2,2,25.0,0,0,0,9.9,8.3,1,1,350400.0
716.0,3,2,1,26.0,1,0,0,8.0,1.1,1,1,257000.0
3033.0,5,4,3,28.0,1,1,0,5.8,5.7,0,1,536700.0
1183.0,2,2,1,14.0,1,0,0,3.5,0.9,0,2,222300.0
994.0,4,4,1,45.0,0,0,0,4.5,3.7,0,1,186100.0
4388.0,3,2,1,0.0,0,0,1,6.8,23.1,1,0,548700.0
3368.0,4,4,1,42.0,0,0,0,5.7,8.5,0,1,291900.0
4767.0,3,3,3,27.0,1,0,0,8.1,13.6,1,1,729600.0
4460.0,2,2,1,2.0,1,1,0,5.6,8.5,0,0,404500.0
873.0,2,2,2,50.0,1,0,0,5.7,2.2,0,1,230300.0
2613.0,2,2,1,17.0,1,0,1,8.7,9.0,1,1,488400.0
5033.0,2,1,1,33.0,0,1,0,3.3,14.1,0,1,392700.0
1989.0,4,3,3,31.0,0,0,1,9.0,1.5,1,1,474400.0
4166.0,5,4,2,28.0,1,0,0,7.0,17.0,1,1,487400.0
5302.0,4,4,1,24.0,1,0,0,10.0,8.1,1,2,676000.0
765.0,4,3,2,25.0,0,1,0,4.1,0.5,0,2,236400.0
2167.0,2,2,1,38.0,1,0,0,8.8,7.3,1,1,360000.0
1328.0,3,2,1,7.0,0,0,0,5.8,5.0,0,1,225800.0
2643.0,3,3,2,18.0,1,1,1,5.1,3.5,0,2,458600.0
4797.0,2,1,2,46.0,1,0,0,6.1,14.8,1,2,490200.0
4096.0,3,2,1,41.0,1,0,0,5.8,23.0,0,2,421100.0
1378.0,3,2,3,21.0,1,0,0,3.9,14.4,0,0,219300.0
813.0,3,2,2,28.0,0,1,0,5.2,18.8,0,0,140200.0
4362.0,3,3,1,32.0,1,1,0,6.1,23.9,1,2,422500.0
2176.0,4,3,2,37.0,1,1,1,4.6,24.4,0,2,307900.0
3048.0,4,4,2,44.0,1,1,0,6.6,1.2,1,1,486300.0
3536.0,3,3,2,45.0,1,1,0,4.9,6.1,0,2,388100.0
3717.0,5,4,1,34.0,1,1,1,6.4,0.5,1,2,648000.0
1191.0,6,4,2,42.0,1,1,1,6.2,7.1,1,1,359000.0
3320.0,3,2,1,2.0,0,0,0,6.4,25.8,1,1,403600.0
1313.0,3,3,2,18.0,0,0,1,2.8,2.2,0,1,251100.0
1535.0,3,2,2,9.0,1,0,0,7.7,10.2,1,1,263300.0
4937.0,5,4,1,26.0,1,0,1,3.8,10.3,0,2,618900.0
601.0,5,4,2,14.0,1,1,0,5.1,1.7,0,1,240600.0
3448.0,2,2,3,10.0,1,0,0,4.2,2.7,0,2,356000.0
4644.0,3,3,3,46.0,0,0,0,5.6,6.2,0,2,469700.0
2549.0,3,3,1,25.0,0,0,0,5.3,2.1,0,0,340800.0
1517.0,3,2,1,23.0,0,1,0,6.8,8.8,1,0,199600.0
3774.0,2,1,2,12.0,1,1,0,5.6,6.6,0,1,437200.0
2841.0,5,4,1,31.0,1,0,0,4.7,7.3,0,0,428000.0
689.0,4,3,3,36.0,0,0,0,1.9,1.4,0,1,161600.0
2309.0,4,4,1,3.0,1,0,0,7.3,7.3,1,0,467300.0
2769.0,5,4,1,12.0,1,0,0,6.5,0.5,1,1,432700.0
4838.0,4,4,1,8.0,0,0,0,7.4,21.3,1,0,635900.0
3641.0,3,2,1,48.0,0,1,1,5.1,4.2,0,0,371000.0
705.0,4,4,2,33.0,0,0,0,6.2,19.4,1,0,215600.0
1486.0,2,1,1,36.0,1,0,0,4.2,12.1,0,2,197800.0
1027.0,4,4,1,47.0,1,0,0,4.0,14.5,0,1,222400.0
2495.0,2,2,1,6.0,1,0,0,4.9,3.8,0,2,333200.0
916.0,4,3,2,0.0,0,0,1,7.3,2.6,1,2,302500.0
1234.0,2,2,1,11.0,1,0,1,5.0,5.2,0,2,301200.0
2525.0,2,1,2,20.0,0,0,0,5.4,0.5,0,1,402400.0
2656.0,2,2,2,10.0,0,1,0,6.0,25.1,1,2,349400.0
3744.0,1,1,2,43.0,1,0,0,5.6,4.9,0,0,406600.0
2870.0,4,4,3,50.0,1,0,0,7.5,44.7,1,0,295400.0
2039.0,4,4,3,43.0,1,0,0,4.0,14.3,0,2,336300.0
1152.0,3,3,3,43.0,0,1,0,5.7,0.8,0,0,256800.0
1315.0,2,2,1,13.0,0,0,0,6.4,10.8,1,2,274300.0
4511.0,2,2,1,33.0,0,1,0,2.2,3.2,0,1,442300.0
2313.0,1,1,1,33.0,1,1,0,6.0,2.8,1,1,409100.0
3989.0,2,2,3,24.0,1,0,0,8.2,3.0,1,0,497400.0
1707.0,5,4,3,3.0,0,1,1,4.8,24.8,0,1,311800.0
4806.0,2,2,3,25.0,1,1,0,3.3,6.9,0,1,569400.0
850.0,3,2,1,15.0,0,0,0,6.4,11.1,1,1,242300.0
3030.0,2,2,3,9.0,0,1,0,5.9,3.3,0,1,472900.0
2654.0,2,2,1,44.0,1,0,0,8.5,7.4,1,0,384000.0
1058.0,3,2,1,1.0,1,0,0,6.4,4.3,1,1,282100.0
807.0,4,4,1,34.0,1,1,0,3.6,3.9,0,1,178900.0
1499.0,2,1,1,18.0,1,1,0,3.5,2.8,0,0,220200.0
4061.0,2,2,2,5.0,0,1,0,7.2,5.3,1,0,532300.0
3985.0,3,3,1,18.0,0,0,1,6.2,10.8,1,1,530100.0
621.0,2,2,1,50.0,0,0,1,5.4,2.5,0,1,178800.0
1009.0,2,1,2,7.0,0,0,0,5.8,33.7,0,1,129600.0
1494.0,6,4,3,13.0,1,0,1,6.4,1.3,1,0,461500.0
1114.0,4,4,2,9.0,1,0,0,6.2,6.5,1,1,338900.0
4709.0,3,3,1,2.0,0,0,0,2.5,0.9,0,1,480100.0
2734.0,3,2,2,37.0,1,0,0,7.9,0.5,1,1,480000.0
4195.0,3,3,3,28.0,0,0,0,8.1,25.6,1,1,555300.0
3556.0,3,3,1,14.0,0,0,0,9.1,16.6,1,1,383000.0
2160.0,4,3,2,22.0,1,1,1,8.7,11.8,1,0,437800.0
1866.0,4,3,1,22.0,1,1,0,8.3,20.0,1,1,404000.0
2769.0,2,2,1,17.0,0,0,0,4.9,16.2,0,1,252200.0
4238.0,3,2,2,45.0,0,1,1,6.1,10.4,1,1,428500.0
1349.0,3,2,3,18.0,1,1,1,7.8,18.8,1,2,376200.0
4027.0,5,4,1,27.0,0,1,0,1.9,5.0,0,1,503900.0
5380.0,4,4,2,25.0,0,0,0,5.1,8.0,0,1,568400.0
2527.0,3,3,3,9.0,0,0,0,2.1,15.0,0,2,280500.0
4404.0,2,1,3,46.0,1,1,0,6.1,0.9,1,0,409300.0
4302.0,4,3,1,3.0,1,0,0,8.0,19.6,1,2,530100.0
2956.0,2,2,3,1.0,0,1,0,5.5,1.7,0,0,337900.0
5390.0,3,2,1,2.0,0,1,0,4.4,20.0,0,2,515900.0
2935.0,2,2,2,6.0,1,1,0,6.1,3.7,1,0,490200.0
906.0,4,4,1,15.0,0,0,0,6.3,4.0,1,1,226300.0
4265.0,2,2,1,30.0,0,0,0,6.5,0.8,1,1,481200.0
2589.0,3,3,2,9.0,1,0,0,3.1,21.7,0,2,340300.0
1261.0,5,4,1,18.0,0,1,0,6.0,1.9,1,0,277300.0
5244.0,2,2,1,27.0,0,0,0,5.9,9.9,0,2,567900.0
911.0,3,2,1,16.0,1,0,0,7.4,10.3,1,1,279300.0
3520.0,3,3,2,27.0,1,0,0,5.3,3.3,0,0,446300.0
1682.0,1,1,1,18.0,0,0,0,9.4,42.4,1,1,230100.0
3571.0,4,3,2,36.0,1,0,0,5.7,0.7,0,1,405200.0
1354.0,2,2,1,22.0,1,0,0,4.5,9.4,0,1,208700.0
4730.0,3,3,1,19.0,0,1,0,3.5,6.5,0,2,511700.0
5140.0,3,3,1,12.0,0,0,0,4.5,2.8,0,2,430400.0
952.0,4,3,1,12.0,0,1,1,3.9,1.8,0,1,194500.0
1502.0,4,4,1,42.0,0,1,0,5.2,13.4,0,2,253900.0
4488.0,3,3,1,10.0,1,1,0,8.9,24.8,1,0,577300.0
758.0,1,1,3,47.0,1,1,0,2.6,1.1,0,0,143600.0
2577.0,4,4,2,14.0,1,0,0,2.7,2.2,0,2,294000.0
1556.0,3,2,1,16.0,1,0,0,5.0,42.9,0,2,203200.0
2671.0,4,4,1,49.0,0,1,0,2.8,0.5,0,0,327700.0
1003.0,4,4,3,27.0,0,0,0,3.5,7.1,0,1,245500.0
5211.0,4,4,1,18.0,1,0,0,6.2,7.3,1,2,573300.0
3379.0,3,3,1,3.0,1,0,0,5.4,3.1,0,0,456400.0
1987.0,3,2,2,21.0,1,1,0,6.4,10.9,1,0,351800.0
4053.0,4,4,2,21.0,1,0,1,6.7,29.0,1,1,587800.0
1555.0,3,2,2,36.0,1,0,1,8.2,6.0,1,2,412200.0
2312.0,2,2,1,38.0,1,0,0,6.3,13.8,1,2,287900.0
5303.0,5,4,1,33.0,0,1,1,7.9,10.4,1,2,672600.0
1873.0,5,4,2,32.0,1,0,0,5.7,6.4,0,1,318500.0
4411.0,3,3,1,43.0,1,1,0,6.3,0.5,1,1,548900.0
3225.0,2,1,2,41.0,0,0,0,6.3,13.5,1,0,298600.0
2982.0,3,2,2,39.0,1,1,0,6.1,4.5,1,2,339000.0
2041.0,4,4,1,32.0,0,0,0,5.9,2.5,0,1,429100.0
3579.0,5,4,3,11.0,1,1,0,9.1,29.6,1,1,646100.0
2397.0,2,1,2,1.0,1,0,0,6.9,14.9,1,2,411400.0
4990.0,2,2,2,27.0,1,0,0,4.6,32.8,0,0,479700.0
4609.0,5,4,1,9.0,0,1,0,10.0,3.0,1,2,723600.0
5450.0,3,3,1,21.0,1,1,0,4.7,18.1,0,1,611800.0
1994.0,3,3,1,16.0,0,1,0,5.5,9.4,0,1,369400.0
4881.0,6,4,1,25.0,1,1,0,3.8,39.9,0,0,442300.0
1869.0,2,2,3,2.0,1,0,0,6.9,29.2,1,2,276500.0
5332.0,4,4,1,6.0,1,1,0,8.9,36.1,1,2,625600.0
4314.0,2,1,1,43.0,1,0,0,2.5,30.3,0,0,356800.0
1129.0,3,3,1,7.0,1,1,0,4.9,0.5,0,0,258500.0
4223.0,4,4,2,19.0,1,0,0,7.7,13.5,1,2,525200.0
3558.0,3,2,1,11.0,1,0,1,3.4,3.2,0,0,518300.0
3514.0,6,4,1,34.0,1,0,0,6.6,12.2,1,1,429300.0
5489.0,3,2,1,16.0,1,0,0,2.9,39.4,0,1,539900.0
4191.0,3,2,3,27.0,1,0,0,6.3,0.5,1,2,601100.0
2747.0,2,2,1,40.0,1,0,0,5.7,8.4,0,1,418500.0
5173.0,3,3,3,9.0,0,0,0,10.0,13.3,1,1,829600.0
3969.0,3,3,2,21.0,0,0,0,7.0,2.9,1,2,542500.0
1539.0,2,2,1,37.0,1,0,0,1.2,2.6,0,0,216900.0
1125.0,3,2,2,32.0,1,0,0,5.4,0.6,0,0,257800.0
601.0,3,2,1,21.0,1,0,0,7.1,1.0,1,0,248900.0
974.0,4,4,3,43.0,0,0,0,4.7,10.7,0,2,228600.0
2940.0,4,3,2,36.0,1,1,0,4.6,7.0,0,1,370300.0
4605.0,4,3,1,12.0,0,1,1,4.7,0.5,0,0,622100.0
3652.0,1,1,1,26.0,1,0,1,6.6,35.0,1,1,457100.0
5248.0,2,2,1,14.0,1,1,0,3.0,10.7,0,1,430200.0
2965.0,4,4,3,21.0,1,1,0,4.4,7.2,0,2,560300.0
2125.0,3,3,1,29.0,1,0,1,7.6,3.2,1,0,488300.0
5076.0,1,1,2,42.0,0,1,0,4.5,10.7,0,1,449000.0
2246.0,4,4,1,39.0,1,0,0,4.4,4.5,0,1,349500.0
613.0,4,4,3,36.0,0,0,0,2.7,12.1,0,0,147800.0
5199.0,3,3,1,33.0,0,0,1,6.8,11.5,1,2,637700.0
2878.0,2,2,2,43.0,0,0,1,6.4,1.0,1,0,409700.0
3755.0,4,4,1,33.0,1,1,0,7.4,24.0,1,1,506100.0
729.0,3,2,2,47.0,1,0,0,5.3,6.7,0,2,169400.0
4414.0,4,4,1,34.0,1,0,0,6.1,5.0,1,1,684700.0
3816.0,4,4,1,41.0,1,0,0,6.1,31.1,1,0,367800.0
3538.0,4,4,1,18.0,0,1,0,2.7,5.8,0,2,442200.0
4528.0,3,3,2,7.0,1,1,0,10.0,12.8,1,0,567300.0
2640.0,2,2,1,38.0,0,1,0,7.5,10.6,1,1,356500.0
627.0,4,4,2,32.0,1,0,0,5.7,1.8,0,2,263500.0
2713.0,4,4,1,43.0,0,0,1,5.1,47.3,0,2,301700.0
1852.0,4,4,3,27.0,1,0,0,8.1,6.2,1,1,402000.0
4956.0,2,2,3,36.0,1,0,0,5.7,5.0,0,0,518800.0
2646.0,2,2,2,47.0,0,0,0,7.3,25.2,1,2,295700.0
5155.0,5,4,1,24.0,1,0,0,4.3,7.5,0,0,609800.0
4623.0,4,3,1,35.0,0,0,0,3.7,12.2,0,0,409200.0
4996.0,5,4,1,16.0,1,1,1,5.2,18.7,0,2,561300.0
3974.0,4,4,1,23.0,1,1,0,5.5,2.7,0,1,473500.0
4066.0,3,2,2,20.0,0,0,0,6.3,1.9,1,0,474300.0
3681.0,4,4,2,1.0,0,0,0,8.4,0.7,1,1,462200.0
4378.0,5,4,3,30.0,1,0,0,7.7,22.7,1,0,456500.0
1229.0,3,2,1,43.0,0,1,0,8.1,2.2,1,0,298500.0
869.0,4,4,2,32.0,0,1,0,4.0,3.7,0,0,231100.0
3239.0,2,2,1,29.0,0,1,0,4.9,3.4,0,2,402100.0
2593.0,3,2,2,11.0,1,0,0,7.4,3.6,1,2,496100.0
3491.0,4,4,1,43.0,1,1,1,7.9,11.0,1,1,472600.0
4032.0,3,3,1,11.0,0,0,0,7.0,30.8,1,0,349500.0
1880.0,2,2,1,50.0,0,1,1,4.4,4.0,0,1,312500.0
2960.0,3,3,2,48.0,1,1,0,3.4,5.2,0,1,282600.0
1175.0,2,1,3,23.0,1,1,0,6.0,14.7,1,1,239800.0
1907.0,2,1,1,23.0,1,0,0,3.7,5.7,0,2,259900.0
3792.0,3,2,1,10.0,0,1,0,6.4,26.0,1,1,533300.0
3778.0,5,4,1,12.0,1,0,0,8.0,7.0,1,1,510300.0
3334.0,3,3,2,26.0,1,0,0,5.9,4.3,0,2,422900.0
2812.0,2,2,1,7.0,1,0,0,2.9,35.6,0,1,273700.0
2952.0,2,2,2,9.0,0,0,0,4.5,5.5,0,1,388400.0
4168.0,4,4,3,7.0,1,0,0,7.2,2.6,1,1,565600.0
2255.0,3,2,3,19.0,1,0,0,6.4,2.0,1,0,384800.0
2179.0,4,3,1,7.0,0,0,0,6.6,50.0,1,1,232000.0
2803.0,4,4,3,8.0,0,0,0,9.0,14.0,1,1,494000.0
1990.0,4,3,2,6.0,1,0,0,6.2,5.3,1,0,294200.0
2342.0,3,3,1,13.0,1,0,0,6.1,17.5,1,0,453300.0
2525.0,4,4,2,27.0,0,0,0,7.2,7.9,1,2,445700.0
1219.0,3,2,2,1.0,0,0,0,3.2,3.8,0,1,189900.0
1874.0,5,4,1,42.0,0,0,0,4.6,13.6,0,0,254700.0
1556.0,4,3,1,7.0,0,1,1,4.0,13.7,0,0,248700.0
2539.0,3,2,1,12.0,0,0,0,6.8,6.9,1,1,334300.0
4553.0,3,3,2,20.0,0,1,0,3.7,0.5,0,0,516400.0
2981.0,2,1,1,46.0,1,0,0,6.6,0.8,1,0,442800.0
1568.0,4,4,3,27.0,1,1,0,5.1,15.5,0,2,300200.0
1916.0,2,2,2,34.0,1,0,0,4.8,17.3,0,1,193500.0
1643.0,3,3,2,22.0,1,0,0,7.3,11.3,1,1,302000.0
881.0,3,3,1,45.0,1,0,1,2.8,18.3,0,0,153300.0
3444.0,4,3,2,14.0,1,0,1,4.5,12.7,0,1,467500.0
1658.0,4,4,1,1.0,0,1,0,10.0,22.7,1,0,356900.0
4893.0,4,3,1,50.0,1,0,0,9.2,1.6,1,1,456400.0
3132.0,4,4,2,11.0,1,0,0,1.9,4.9,0,0,336700.0
4428.0,2,2,1,35.0,0,1,0,4.5,6.2,0,0,391700.0
1608.0,2,1,2,2.0,1,0,0,5.6,3.5,0,1,319100.0
1829.0,4,4,1,4.0,1,0,1,2.7,12.9,0,2,305600.0
1635.0,3,3,1,2.0,1,0,0,9.5,24.4,1,0,252500.0
5185.0,3,3,1,46.0,0,0,0,5.6,5.3,0,1,485100.0
875.0,1,1,3,18.0,1,1,1,5.1,28.4,0,1,225200.0
3340.0,3,3,2,1.0,0,1,0,6.3,7.3,1,1,432100.0
2889.0,1,1,2,43.0,1,1,0,6.2,7.4,1,2,344300.0
1839.0,5,4,1,36.0,1,1,0,3.8,9.2,0,1,286700.0
725.0,2,2,1,16.0,1,0,0,8.1,3.1,1,2,275500.0
4665.0,3,2,3,13.0,0,0,0,5.8,4.8,0,0,524100.0
4912.0,1,1,1,27.0,0,0,0,8.1,8.1,1,2,614100.0
4468.0,4,3,1,26.0,0,1,0,4.3,28.5,0,0,423400.0
1808.0,3,3,2,9.0,0,1,1,1.9,10.3,0,0,298200.0
3849.0,5,4,1,2.0,1,0,0,8.4,4.1,1,0,581700.0
1518.0,5,4,2,35.0,0,0,0,7.0,0.5,1,0,282300.0
4523.0,3,3,2,37.0,1,1,0,7.8,40.0,1,1,597000.0
5003.0,5,4,1,24.0,0,0,0,8.0,6.8,1,1,706000.0
2569.0,6,4,1,21.0,1,1,0,5.5,27.9,0,1,330800.0
3393.0,4,4,1,47.0,1,0,1,4.8,8.0,0,0,439300.0
1491.0,4,4,3,38.0,1,0,1,5.3,9.3,0,1,356500.0
5070.0,2,2,2,46.0,1,0,0,6.6,12.4,1,1,557400.0
2633.0,3,2,1,29.0,1,1,1,6.1,3.9,1,1,429900.0
1964.0,2,2,1,20.0,0,0,0,1.8,12.0,0,0,205300.0
728.0,2,1,2,29.0,1,0,0,5.3,7.5,0,0,182100.0
1614.0,6,4,2,27.0,1,1,0,8.3,11.2,1,1,400400.0
2399.0,3,3,1,30.0,0,1,1,5.5,18.1,0,2,357500.0
5212.0,4,4,1,25.0,1,1,0,9.9,2.0,1,1,752800.0
2118.0,4,3,1,42.0,0,0,0,3.6,9.5,0,0,261300.0
4781.0,5,4,2,21.0,0,1,0,6.2,0.5,1,0,619000.0
1798.0,6,4,3,20.0,0,0,0,3.5,1.1,0,0,365900.0
4473.0,2,2,1,0.0,0,0,0,3.8,11.2,0,1,477900.0
3074.0,1,1,2,36.0,1,0,0,3.8,0.7,0,1,358400.0
4085.0,3,2,1,12.0,1,0,0,9.9,9.0,1,0,494800.0
4649.0,2,2,1,20.0,1,1,0,5.0,2.5,0,1,468300.0
4319.0,1,1,1,45.0,0,0,0,4.1,3.6,0,1,466500.0
902.0,3,3,2,8.0,1,0,1,5.5,1.4,0,1,323000.0
4552.0,4,4,1,16.0,1,1,0,5.1,2.9,0,0,611600.0
5283.0,3,3,2,46.0,1,1,0,7.1,17.2,1,1,603600.0
1586.0,3,3,1,20.0,0,1,0,1.4,10.2,0,1,206000.0
2463.0,4,4,1,30.0,1,0,0,3.6,29.9,0,2,275200.0
5040.0,2,2,1,38.0,0,1,1,7.2,0.5,1,2,619200.0
3672.0,1,1,2,21.0,1,0,0,4.5,15.7,0,0,355000.0
3724.0,4,4,1,11.0,1,1,0,4.0,12.0,0,0,517500.0
1927.0,4,4,2,5.0,1,0,0,3.9,3.0,0,1,305300.0
3008.0,4,3,1,15.0,0,1,0,6.9,13.1,1,1,437700.0
4273.0,1,1,1,25.0,0,0,0,6.9,12.6,1,2,455800.0
3891.0,4,4,1,4.0,1,0,0,7.4,6.1,1,1,607300.0
4633.0,4,4,1,8.0,1,0,0,3.2,11.7,0,2,523500.0
1303.0,3,2,1,45.0,0,0,0,3.1,5.9,0,1,182900.0
1174.0,4,4,1,39.0,1,0,1,7.8,4.1,1,2,366800.0
3832.0,5,4,2,13.0,1,1,0,5.9,6.3,0,1,463000.0
5383.0,3,2,2,43.0,1,0,0,4.3,22.6,0,1,539600.0
3232.0,3,2,1,41.0,1,1,0,5.2,4.9,0,1,391400.0
4428.0,6,4,1,29.0,1,0,0,3.0,5.2,0,2,458900.0
3830.0,4,3,1,25.0,1,0,0,4.4,9.4,0,0,361400.0
1088.0,3,3,1,44.0,1,1,0,5.8,14.0,0,2,205900.0
1947.0,4,4,1,28.0,0,1,0,6.2,13.3,1,1,355600.0
4281.0,3,2,3,18.0,1,0,0,5.3,0.5,0,1,631400.0
3773.0,2,2,1,46.0,0,0,0,5.1,11.6,0,2,395400.0
5189.0,3,2,1,7.0,1,1,0,7.0,6.0,1,2,548900.0
2267.0,5,4,1,22.0,0,0,1,5.3,7.4,0,2,410200.0
2237.0,5,4,1,41.0,1,0,0,4.6,8.2,0,0,363000.0
4714.0,3,3,2,34.0,0,1,0,4.0,13.2,0,2,604100.0
4153.0,3,3,1,30.0,1,0,0,2.0,17.8,0,1,450000.0
1600.0,2,2,1,34.0,0,0,0,6.8,10.4,1,1,268200.0
1450.0,6,4,2,31.0,1,1,1,8.4,8.3,1,2,451800.0
1988.0,6,4,1,4.0,1,1,0,3.8,4.7,0,0,313700.0
4312.0,4,4,2,15.0,0,0,0,3.0,1.5,0,0,529400.0
1967.0,4,4,2,16.0,0,0,1,4.3,31.8,0,1,320800.0
1421.0,4,3,1,31.0,1,0,0,6.1,6.2,1,0,199000.0
1054.0,3,3,2,37.0,0,1,0,4.5,8.4,0,1,214300.0
2224.0,2,2,1,31.0,1,1,1,4.5,13.9,0,0,370600.0
3372.0,3,3,2,19.0,1,0,0,5.3,0.7,0,0,407500.0
4326.0,4,4,1,47.0,0,0,0,5.7,19.3,0,1,341800.0
3747.0,4,4,1,1.0,1,0,0,6.2,15.9,1,1,488200.0
4689.0,3,3,2,19.0,0,0,0,4.9,14.9,0,0,554300.0
5406.0,5,4,3,46.0,1,1,0,4.9,0.5,0,0,655700.0
2790.0,2,2,3,17.0,0,0,0,1.7,7.5,0,1,298400.0
1516.0,3,3,2,0.0,1,0,0,7.4,0.6,1,2,327100.0
4586.0,4,4,1,28.0,0,0,0,6.0,8.0,1,2,471000.0
3475.0,4,3,1,28.0,0,0,0,8.5,12.7,1,0,473000.0
2040.0,4,3,1,18.0,1,0,0,6.5,1.3,1,1,367000.0
5000.0,3,2,1,43.0,0,0,1,5.4,11.9,0,0,585400.0
1335.0,2,2,1,39.0,1,1,0,2.5,6.0,0,1,196500.0
4168.0,4,4,3,5.0,0,1,0,2.2,16.7,0,2,418300.0
3938.0,3,3,1,43.0,0,1,0,7.6,7.6,1,1,507600.0
3615.0,2,2,1,38.0,1,0,0,6.6,4.1,1,1,451200.0
3489.0,4,4,1,49.0,0,1,0,8.4,4.0,1,0,391400.0
1561.0,3,2,2,45.0,1,1,0,7.4,22.8,1,2,264100.0
3589.0,4,3,2,7.0,1,0,0,4.8,6.0,0,1,465200.0
4448.0,4,3,2,23.0,1,0,0,1.0,5.2,0,1,445300.0
1626.0,2,2,1,19.0,0,0,0,6.7,0.5,1,1,309500.0
4465.0,1,1,2,13.0,1,0,0,3.5,4.5,0,0,457800.0
3463.0,4,4,1,4.0,0,1,1,5.1,18.9,0,2,489600.0
3101.0,4,4,3,40.0,1,0,0,6.3,14.3,1,0,435300.0
2547.0,4,3,2,39.0,0,0,1,4.2,2.5,0,1,374900.0
1777.0,4,4,1,33.0,1,0,1,3.8,5.3,0,1,328100.0
5360.0,4,4,1,15.0,0,0,1,4.9,2.2,0,0,602200.0
611.0,6,4,2,44.0,1,0,1,1.4,30.8,0,0,126300.0
4999.0,3,2,1,6.0,1,0,0,3.4,9.1,0,1,518600.0
3964.0,3,2,3,15.0,1,0,0,3.4,14.0,0,1,326600.0
3622.0,3,3,1,6.0,0,1,0,5.0,12.5,0,0,404900.0
3971.0,2,1,1,26.0,1,1,0,3.6,20.7,0,0,341300.0
3430.0,3,3,1,13.0,0,1,1,4.5,29.8,0,2,362400.0
642.0,3,3,1,13.0,1,1,0,4.6,0.5,0,2,220800.0
1543.0,5,4,1,43.0,0,1,0,9.8,37.0,1,2,252500.0
2990.0,3,2,1,32.0,1,1,0,7.0,20.4,1,1,371200.0
3145.0,3,2,2,32.0,1,1,0,5.3,4.8,0,1,419700.0
3011.0,3,3,1,43.0,1,1,0,6.4,18.1,1,0,427300.0
1604.0,2,1,3,19.0,1,0,0,7.3,13.3,1,0,369400.0
620.0,1,1,2,46.0,1,0,0,6.1,15.8,1,2,123400.0
1006.0,3,2,2,35.0,0,1,0,3.4,2.5,0,2,175300.0
1614.0,2,2,1,6.0,0,0,0,5.2,10.5,0,2,244200.0
5031.0,4,3,1,31.0,0,0,0,3.5,0.5,0,1,532100.0
2438.0,5,4,1,47.0,1,0,0,4.8,18.9,0,2,335700.0
3788.0,5,4,2,2.0,1,0,1,5.2,30.2,0,2,458300.0
1314.0,4,4,3,38.0,0,1,0,7.6,10.9,1,1,221700.0
4746.0,2,2,1,28.0,1,0,0,3.9,7.2,0,0,533400.0
4454.0,5,4,1,23.0,0,0,0,3.8,12.9,0,1,506900.0
5019.0,5,4,3,21.0,1,0,0,4.1,4.0,0,0,631300.0
5484.0,2,2,1,5.0,0,1,0,4.3,9.8,0,2,545200.0
740.0,4,3,2,47.0,1,0,0,4.9,12.7,0,1,194900.0
5165.0,3,3,2,23.0,0,1,1,6.2,1.5,1,1,491500.0
5482.0,4,4,2,39.0,1,1,0,3.9,1.5,0,1,527100.0
1563.0,6,4,1,22.0,0,0,0,5.7,12.6,0,1,332200.0
972.0,1,1,1,37.0,1,0,1,5.8,5.7,0,0,224100.0
4235.0,5,4,2,9.0,0,0,0,6.6,22.0,1,2,640800.0
3141.0,4,4,3,15.0,0,1,0,5.1,3.7,0,0,390200.0
4210.0,6,4,1,10.0,1,1,0,7.2,0.5,1,2,794400.0
2292.0,3,3,1,31.0,1,0,1,6.2,10.5,1,2,514700.0
705.0,4,4,2,44.0,1,0,1,6.1,11.5,1,0,244700.0
2281.0,2,2,3,5.0,1,0,1,4.4,8.1,0,2,354000.0
4697.0,3,3,2,23.0,1,1,0,6.0,11.5,1,1,639100.0
4616.0,2,1,3,32.0,1,0,0,6.2,7.4,1,1,488400.0
3236.0,6,4,1,50.0,1,0,0,4.3,11.8,0,1,381200.0
2737.0,4,3,1,11.0,0,0,0,7.9,0.5,1,1,404100.0
4016.0,5,4,2,26.0,0,1,1,10.0,4.6,1,0,581200.0
5045.0,5,4,2,37.0,1,1,1,4.2,2.4,0,2,637500.0
4130.0,2,1,1,17.0,0,0,0,4.6,1.0,0,1,426600.0
1886.0,3,2,1,44.0,0,1,0,4.6,2.7,0,0,194600.0
3779.0,2,2,2,38.0,1,0,0,2.9,2.1,0,1,469000.0
4254.0,2,1,1,12.0,1,1,0,3.7,36.2,0,1,447900.0
2959.0,2,1,1,39.0,1,0,0,7.2,3.4,1,1,417800.0
1044.0,3,3,2,29.0,0,1,0,5.3,2.6,0,0,242800.0
635.0,3,2,2,48.0,0,0,0,9.3,18.0,1,1,192500.0
2075.0,2,2,2,40.0,1,0,0,4.9,5.4,0,0,268000.0
4557.0,2,2,1,12.0,0,1,0,6.3,5.5,1,1,597700.0
2398.0,2,2,2,33.0,1,0,1,3.7,5.9,0,2,369000.0
2445.0,6,4,2,35.0,1,0,0,5.3,5.4,0,0,401300.0
2008.0,4,4,2,29.0,0,0,1,5.7,4.0,0,0,392100.0
2308.0,6,4,2,24.0,0,0,0,1.3,3.4,0,2,347700.0
3538.0,3,3,1,1.0,1,0,0,3.9,21.4,0,0,426000.0
1900.0,3,3,1,35.0,1,0,0,6.8,1.8,1,0,362600.0
1843.0,4,4,1,17.0,0,1,0,6.7,2.0,1,1,348300.0
4576.0,3,2,1,4.0,0,1,0,3.0,8.5,0,2,571800.0
3697.0,3,2,2,18.0,0,0,0,4.8,4.2,0,2,411800.0
5216.0,2,2,2,41.0,1,0,0,1.0,5.5,0,2,426100.0
609.0,2,2,2,17.0,1,1,0,5.5,16.4,0,1,171700.0
3025.0,3,3,2,31.0,1,0,0,8.0,23.4,1,2,358000.0
2260.0,3,2,1,20.0,1,0,0,8.1,15.6,1,0,377300.0
3231.0,4,4,1,9.0,0,1,0,8.0,2.7,1,1,501700.0
5415.0,2,2,1,36.0,1,1,0,6.6,39.1,1,1,584100.0
1672.0,2,2,1,48.0,1,0,0,7.8,4.5,1,0,210200.0
3825.0,4,3,1,21.0,1,0,0,5.1,1.9,0,1,487300.0
1916.0,2,1,2,12.0,1,0,1,4.5,6.9,0,1,306700.0
4745.0,3,2,3,16.0,0,1,0,7.8,12.9,1,1,553000.0
4283.0,5,4,1,8.0,0,0,1,6.1,0.9,1,1,521400.0
3873.0,2,2,1,23.0,1,1,0,1.9,10.1,0,1,383400.0
745.0,2,2,2,43.0,0,0,0,7.9,19.5,1,1,175000.0
3640.0,3,3,1,13.0,0,0,0,5.1,3.0,0,0,514400.0
2062.0,3,3,2,45.0,0,0,0,4.2,11.8,0,1,280700.0
5276.0,3,3,2,7.0,1,1,0,7.5,5.1,1,0,728500.0
2184.0,4,4,3,36.0,1,0,0,7.2,5.3,1,0,312700.0
1082.0,2,2,1,18.0,1,0,0,3.6,3.3,0,2,227600.0
3779.0,3,2,2,27.0,0,1,0,5.2,9.8,0,0,468400.0
1849.0,3,2,1,45.0,0,1,0,3.7,4.5,0,0,223800.0
5368.0,2,1,2,40.0,1,0,0,3.7,17.8,0,0,471700.0
1230.0,4,3,1,29.0,1,0,0,1.0,32.9,0,2,102300.0
1261.0,3,3,1,6.0,1,1,1,3.5,27.3,0,0,217500.0
4103.0,3,2,2,25.0,1,1,0,5.2,1.8,0,1,530000.0
3452.0,2,2,2,39.0,0,0,1,1.0,0.5,0,0,332700.0
3066.0,3,2,2,45.0,1,1,0,2.8,5.8,0,2,351700.0
1587.0,3,3,2,45.0,1,0,0,6.7,13.1,1,2,383600.0
2146.0,4,3,2,10.0,0,1,0,2.7,37.9,0,1,195500.0
1249.0,2,2,1,13.0,1,0,0,5.2,15.3,0,2,230700.0
1568.0,3,3,2,20.0,0,0,0,2.2,8.7,0,1,186800.0
3237.0,3,2,2,7.0,1,0,0,6.3,0.5,1,2,385000.0
1700.0,4,4,3,2.0,0,1,1,4.8,17.5,0,2,382500.0
1040.0,3,2,3,27.0,1,1,0,3.7,1.9,0,0,215400.0
1369.0,4,3,1,28.0,0,0,0,1.0,0.6,0,1,223600.0
1943.0,4,3,2,22.0,1,0,1,3.7,19.0,0,2,333200.0
4958.0,5,4,1,17.0,1,0,0,6.8,8.4,1,1,553800.0
4329.0,3,2,1,34.0,0,1,0,8.6,1.4,1,2,499700.0
4506.0,3,3,2,12.0,1,1,0,5.1,4.9,0,1,588200.0
2177.0,4,3,1,11.0,0,1,0,5.3,0.9,0,1,308000.0
4608.0,6,4,2,46.0,1,0,0,4.1,10.2,0,1,450100.0
3951.0,5,4,1,49.0,1,1,1,8.0,3.3,1,2,472700.0
5395.0,3,3,1,4.0,0,0,0,5.0,20.1,0,1,584900.0
2949.0,2,1,2,38.0,0,0,0,7.3,4.4,1,0,344800.0
4202.0,3,2,2,10.0,0,0,0,6.0,6.8,1,1,522800.0
1841.0,4,3,3,10.0,0,0,0,5.7,0.7,0,2,295400.0
1725.0,3,3,2,46.0,1,1,0,3.5,3.2,0,1,214700.0
3201.0,3,3,2,41.0,0,1,0,9.1,11.3,1,0,496300.0
1790.0,4,4,1,46.0,1,0,0,8.4,13.3,1,0,330900.0
4731.0,3,2,1,30.0,1,0,1,10.0,2.8,1,2,606700.0
5439.0,5,4,1,30.0,1,0,0,3.3,7.0,0,0,533000.0
5048.0,3,3,2,12.0,1,0,0,6.0,17.0,1,1,535800.0
672.0,3,3,2,13.0,0,0,0,3.9,4.8,0,0,225900.0
2514.0,3,3,1,48.0,1,0,0,6.4,1.4,1,0,379100.0
3072.0,4,4,2,44.0,0,1,1,6.1,5.7,1,1,478000.0
3646.0,2,1,2,41.0,1,1,0,4.7,9.2,0,0,357900.0
1307.0,2,1,1,24.0,1,1,0,5.0,0.5,0,2,272600.0
2404.0,6,4,1,32.0,1,1,0,9.7,4.3,1,1,409800.0
4313.0,2,2,2,32.0,0,1,0,5.2,9.4,0,1,494500.0
3164.0,3,3,2,14.0,1,0,0,1.1,30.3,0,1,305000.0
3075.0,3,2,3,15.0,0,1,0,4.4,5.3,0,2,448800.0
4210.0,3,3,1,43.0,1,0,1,3.3,1.8,0,1,373000.0
4855.0,4,4,3,37.0,1,1,0,3.7,7.6,0,0,614600.0
3423.0,2,2,1,5.0,0,0,0,6.9,3.4,1,0,462400.0
2335.0,3,2,1,43.0,0,1,0,7.3,2.4,1,1,327200.0
2185.0,3,2,3,24.0,1,0,0,3.8,8.9,0,2,227300.0
666.0,4,3,1,14.0,0,0,0,4.4,24.8,0,1,136300.0
3661.0,2,2,2,3.0,0,0,0,4.1,18.0,0,0,387800.0
3028.0,3,3,1,3.0,0,0,0,8.5,2.0,1,1,385800.0
4753.0,2,2,2,29.0,0,1,1,7.3,14.5,1,1,517300.0
941.0,3,2,3,33.0,0,0,0,6.9,2.6,1,1,219400.0
3374.0,2,2,1,26.0,1,0,0,3.4,3.4,0,0,347700.0
3417.0,2,2,2,30.0,0,1,0,2.1,25.3,0,0,255500.0
3261.0,4,3,1,31.0,1,1,0,8.0,24.2,1,0,542700.0
1832.0,3,2,2,43.0,0,0,0,9.3,1.8,1,0,387400.0
4474.0,5,4,1,38.0,1,0,0,2.0,0.7,0,2,422200.0
3001.0,6,4,1,8.0,1,0,0,10.0,3.5,1,0,472400.0
2094.0,3,3,1,40.0,0,1,0,5.3,8.7,0,1,242700.0
4811.0,2,1,1,7.0,1,1,0,5.8,20.9,0,1,491400.0
1261.0,3,2,3,13.0,1,1,1,2.9,1.3,0,1,349900.0
4483.0,4,4,1,32.0,0,0,0,2.0,5.4,0,2,523300.0
4219.0,3,3,1,22.0,0,0,0,1.0,3.2,0,1,415600.0
2468.0,2,1,1,20.0,0,0,1,7.6,0.5,1,2,400300.0
2934.0,3,2,1,11.0,1,1,0,5.3,15.5,0,0,389800.0
3974.0,4,4,2,1.0,0,0,0,6.4,16.8,1,0,515100.0
1616.0,4,4,3,12.0,1,0,0,7.8,2.5,1,0,406900.0
5006.0,2,2,1,3.0,1,0,0,5.3,1.6,0,0,567600.0
807.0,4,4,3,19.0,0,0,0,8.9,1.6,1,1,347200.0
3265.0,2,1,2,49.0,0,1,0,3.8,6.2,0,2,286100.0
3093.0,2,1,1,50.0,1,0,1,4.7,2.8,0,0,372600.0
1232.0,5,4,2,47.0,1,0,0,3.7,7.2,0,2,251400.0
2702.0,2,2,2,13.0,1,0,0,7.2,4.9,1,1,390600.0
3559.0,3,2,2,29.0,1,1,0,7.7,2.4,1,1,426100.0
3683.0,1,1,3,28.0,1,0,0,4.6,13.9,0,0,385500.0
5352.0,5,4,1,7.0,0,0,1,2.7,1.6,0,0,906400.0
2531.0,4,4,3,11.0,0,0,0,8.0,16.0,1,2,385400.0
4319.0,4,4,2,40.0,0,0,0,3.7,8.2,0,0,451800.0
3162.0,4,3,1,37.0,1,1,0,4.7,17.8,0,2,435700.0
2279.0,2,2,2,25.0,0,0,0,3.4,0.5,0,1,349600.0
836.0,3,3,1,49.0,1,1,0,6.1,13.8,1,2,202700.0
5043.0,3,3,3,1.0,1,0,0,4.0,0.5,0,1,652000.0
5325.0,2,2,2,39.0,1,1,0,6.9,30.0,1,0,588000.0
2140.0,3,3,1,13.0,0,1,0,4.4,12.1,0,1,277800.0
4543.0,5,4,1,5.0,0,0,0,6.6,3.9,1,0,617600.0
963.0,1,1,2,41.0,1,1,0,3.7,3.9,0,1,168500.0
2968.0,3,3,1,39.0,1,0,0,8.0,19.8,1,0,364100.0
885.0,2,2,1,30.0,1,0,1,4.5,23.3,0,1,217800.0
748.0,2,2,1,16.0,0,0,0,5.7,22.2,0,0,155400.0
4637.0,5,4,1,24.0,1,0,1,3.1,16.5,0,2,424100.0
5151.0,3,3,1,31.0,1,1,0,5.5,17.1,0,1,536200.0
2366.0,3,3,1,11.0,0,0,0,3.2,8.5,0,2,280200.0
5495.0,4,4,1,48.0,1,1,0,5.4,0.5,0,0,596700.0
1612.0,2,2,2,12.0,1,0,0,3.6,0.9,0,1,279200.0
3431.0,3,3,2,18.0,1,0,0,5.2,10.5,0,1,443500.0
3107.0,3,2,1,43.0,0,1,0,6.4,5.1,1,1,467200.0
2123.0,3,2,1,47.0,1,1,0,2.8,8.4,0,2,294300.0
